Record Length,2.500000e+03,,   0.000000000000,   2.24000,
Sample Interval,1.000000e-03,,   0.001000000000,   2.24000,
Trigger Point,0.000000000000e+00,,   0.002000000000,   2.24000,
,,,   0.003000000000,   2.20000,
,,,   0.004000000000,   2.16000,
,,,   0.005000000000,   2.12000,
Source,CH1,,   0.006000000000,   2.08000,
Vertical Units,V,,   0.007000000000,   2.04000,
Vertical Scale,1.000000e+00,,   0.008000000000,   2.00000,
Vertical Offset,0.000000e+00,,   0.009000000000,   2.00000,
Horizontal Units,s,,   0.010000000000,   1.92000,
Horizontal Scale,2.500000e-01,,   0.011000000000,   1.92000,
Pt Fmt,Y,,   0.012000000000,   1.84000,
Yzero,0.000000e+00,,   0.013000000000,   1.88000,
Probe Atten,1.000000e+00,,   0.014000000000,   1.88000,
Model Number,TDS2014C,,   0.015000000000,   1.88000,
Serial Number,C040017,,   0.016000000000,   1.84000,
Firmware Version,FV:v24.26,,   0.017000000000,   1.88000,
,,,0.018000000000,   1.88000,
,,,0.019000000000,   1.88000,
,,,0.020000000000,   1.88000,
,,,0.021000000000,   1.88000,
,,,0.022000000000,   1.88000,
,,,0.023000000000,   1.88000,
,,,0.024000000000,   1.88000,
,,,0.025000000000,   1.88000,
,,,0.026000000000,   1.88000,
,,,0.027000000000,   1.88000,
,,,0.028000000000,   1.88000,
,,,0.029000000000,   1.88000,
,,,0.030000000000,   1.88000,
,,,0.031000000000,   1.88000,
,,,0.032000000000,   1.88000,
,,,0.033000000000,   1.88000,
,,,0.034000000000,   1.88000,
,,,0.035000000000,   1.84000,
,,,0.036000000000,   1.88000,
,,,0.037000000000,   1.88000,
,,,0.038000000000,   1.88000,
,,,0.039000000000,   1.84000,
,,,0.040000000000,   1.88000,
,,,0.041000000000,   1.88000,
,,,0.042000000000,   1.88000,
,,,0.043000000000,   1.88000,
,,,0.044000000000,   1.88000,
,,,0.045000000000,   1.88000,
,,,0.046000000000,   1.88000,
,,,0.047000000000,   1.88000,
,,,0.048000000000,   1.88000,
,,,0.049000000000,   1.88000,
,,,0.050000000000,   1.88000,
,,,0.051000000000,   1.88000,
,,,0.052000000000,   1.88000,
,,,0.053000000000,   1.88000,
,,,0.054000000000,   1.88000,
,,,0.055000000000,   1.88000,
,,,0.056000000000,   1.88000,
,,,0.057000000000,   1.88000,
,,,0.058000000000,   1.92000,
,,,0.059000000000,   1.84000,
,,,0.060000000000,   1.88000,
,,,0.061000000000,   1.88000,
,,,0.062000000000,   1.88000,
,,,0.063000000000,   1.88000,
,,,0.064000000000,   1.88000,
,,,0.065000000000,   1.88000,
,,,0.066000000000,   1.88000,
,,,0.067000000000,   1.88000,
,,,0.068000000000,   1.88000,
,,,0.069000000000,   1.88000,
,,,0.070000000000,   1.88000,
,,,0.071000000000,   1.88000,
,,,0.072000000000,   1.92000,
,,,0.073000000000,   1.88000,
,,,0.074000000000,   1.88000,
,,,0.075000000000,   1.92000,
,,,0.076000000000,   1.88000,
,,,0.077000000000,   1.88000,
,,,0.078000000000,   1.92000,
,,,0.079000000000,   1.88000,
,,,0.080000000000,   1.88000,
,,,0.081000000000,   1.92000,
,,,0.082000000000,   1.88000,
,,,0.083000000000,   1.88000,
,,,0.084000000000,   1.92000,
,,,0.085000000000,   1.88000,
,,,0.086000000000,   1.92000,
,,,0.087000000000,   1.92000,
,,,0.088000000000,   1.88000,
,,,0.089000000000,   1.92000,
,,,0.090000000000,   1.88000,
,,,0.091000000000,   1.92000,
,,,0.092000000000,   1.92000,
,,,0.093000000000,   1.92000,
,,,0.094000000000,   1.88000,
,,,0.095000000000,   1.88000,
,,,0.096000000000,   1.92000,
,,,0.097000000000,   1.92000,
,,,0.098000000000,   1.92000,
,,,0.099000000000,   1.92000,
,,,0.100000000000,   1.88000,
,,,0.101000000000,   1.92000,
,,,0.102000000000,   1.92000,
,,,0.103000000000,   1.92000,
,,,0.104000000000,   1.92000,
,,,0.105000000000,   1.92000,
,,,0.106000000000,   1.92000,
,,,0.107000000000,   1.88000,
,,,0.108000000000,   1.92000,
,,,0.109000000000,   1.92000,
,,,0.110000000000,   1.92000,
,,,0.111000000000,   1.92000,
,,,0.112000000000,   1.92000,
,,,0.113000000000,   1.92000,
,,,0.114000000000,   1.92000,
,,,0.115000000000,   1.92000,
,,,0.116000000000,   1.92000,
,,,0.117000000000,   1.92000,
,,,0.118000000000,   1.92000,
,,,0.119000000000,   1.92000,
,,,0.120000000000,   1.92000,
,,,0.121000000000,   1.92000,
,,,0.122000000000,   1.92000,
,,,0.123000000000,   1.92000,
,,,0.124000000000,   1.92000,
,,,0.125000000000,   1.92000,
,,,0.126000000000,   1.92000,
,,,0.127000000000,   1.92000,
,,,0.128000000000,   1.92000,
,,,0.129000000000,   1.92000,
,,,0.130000000000,   1.92000,
,,,0.131000000000,   1.92000,
,,,0.132000000000,   1.92000,
,,,0.133000000000,   1.92000,
,,,0.134000000000,   1.92000,
,,,0.135000000000,   1.92000,
,,,0.136000000000,   1.92000,
,,,0.137000000000,   1.92000,
,,,0.138000000000,   1.92000,
,,,0.139000000000,   1.92000,
,,,0.140000000000,   1.92000,
,,,0.141000000000,   1.96000,
,,,0.142000000000,   1.92000,
,,,0.143000000000,   1.92000,
,,,0.144000000000,   1.92000,
,,,0.145000000000,   1.96000,
,,,0.146000000000,   1.92000,
,,,0.147000000000,   1.92000,
,,,0.148000000000,   1.92000,
,,,0.149000000000,   1.92000,
,,,0.150000000000,   1.92000,
,,,0.151000000000,   1.92000,
,,,0.152000000000,   1.96000,
,,,0.153000000000,   1.92000,
,,,0.154000000000,   1.96000,
,,,0.155000000000,   1.92000,
,,,0.156000000000,   1.92000,
,,,0.157000000000,   1.96000,
,,,0.158000000000,   1.92000,
,,,0.159000000000,   1.96000,
,,,0.160000000000,   1.92000,
,,,0.161000000000,   1.92000,
,,,0.162000000000,   1.92000,
,,,0.163000000000,   1.96000,
,,,0.164000000000,   1.92000,
,,,0.165000000000,   1.96000,
,,,0.166000000000,   1.96000,
,,,0.167000000000,   1.96000,
,,,0.168000000000,   1.96000,
,,,0.169000000000,   1.96000,
,,,0.170000000000,   1.92000,
,,,0.171000000000,   1.96000,
,,,0.172000000000,   1.92000,
,,,0.173000000000,   1.96000,
,,,0.174000000000,   1.92000,
,,,0.175000000000,   1.96000,
,,,0.176000000000,   1.96000,
,,,0.177000000000,   1.92000,
,,,0.178000000000,   1.96000,
,,,0.179000000000,   1.96000,
,,,0.180000000000,   1.96000,
,,,0.181000000000,   1.96000,
,,,0.182000000000,   1.96000,
,,,0.183000000000,   1.92000,
,,,0.184000000000,   1.96000,
,,,0.185000000000,   1.96000,
,,,0.186000000000,   1.96000,
,,,0.187000000000,   1.92000,
,,,0.188000000000,   1.96000,
,,,0.189000000000,   1.96000,
,,,0.190000000000,   1.96000,
,,,0.191000000000,   1.96000,
,,,0.192000000000,   1.96000,
,,,0.193000000000,   1.96000,
,,,0.194000000000,   1.96000,
,,,0.195000000000,   1.96000,
,,,0.196000000000,   1.96000,
,,,0.197000000000,   1.96000,
,,,0.198000000000,   1.96000,
,,,0.199000000000,   1.96000,
,,,0.200000000000,   1.96000,
,,,0.201000000000,   1.96000,
,,,0.202000000000,   1.96000,
,,,0.203000000000,   1.96000,
,,,0.204000000000,   1.96000,
,,,0.205000000000,   1.96000,
,,,0.206000000000,   1.96000,
,,,0.207000000000,   1.96000,
,,,0.208000000000,   1.96000,
,,,0.209000000000,   1.96000,
,,,0.210000000000,   1.96000,
,,,0.211000000000,   1.96000,
,,,0.212000000000,   1.96000,
,,,0.213000000000,   1.96000,
,,,0.214000000000,   1.96000,
,,,0.215000000000,   1.96000,
,,,0.216000000000,   1.96000,
,,,0.217000000000,   1.96000,
,,,0.218000000000,   1.96000,
,,,0.219000000000,   1.96000,
,,,0.220000000000,   1.96000,
,,,0.221000000000,   2.00000,
,,,0.222000000000,   1.96000,
,,,0.223000000000,   1.96000,
,,,0.224000000000,   1.92000,
,,,0.225000000000,   1.96000,
,,,0.226000000000,   1.96000,
,,,0.227000000000,   1.96000,
,,,0.228000000000,   1.96000,
,,,0.229000000000,   2.00000,
,,,0.230000000000,   1.96000,
,,,0.231000000000,   1.96000,
,,,0.232000000000,   1.96000,
,,,0.233000000000,   1.96000,
,,,0.234000000000,   1.96000,
,,,0.235000000000,   1.96000,
,,,0.236000000000,   2.00000,
,,,0.237000000000,   1.96000,
,,,0.238000000000,   2.00000,
,,,0.239000000000,   1.96000,
,,,0.240000000000,   1.96000,
,,,0.241000000000,   1.96000,
,,,0.242000000000,   2.00000,
,,,0.243000000000,   1.96000,
,,,0.244000000000,   1.96000,
,,,0.245000000000,   1.96000,
,,,0.246000000000,   2.00000,
,,,0.247000000000,   2.00000,
,,,0.248000000000,   2.00000,
,,,0.249000000000,   2.00000,
,,,0.250000000000,   2.00000,
,,,0.251000000000,   1.96000,
,,,0.252000000000,   2.00000,
,,,0.253000000000,   2.00000,
,,,0.254000000000,   2.00000,
,,,0.255000000000,   2.00000,
,,,0.256000000000,   2.00000,
,,,0.257000000000,   2.00000,
,,,0.258000000000,   2.00000,
,,,0.259000000000,   1.96000,
,,,0.260000000000,   1.96000,
,,,0.261000000000,   2.00000,
,,,0.262000000000,   1.96000,
,,,0.263000000000,   2.00000,
,,,0.264000000000,   1.96000,
,,,0.265000000000,   2.00000,
,,,0.266000000000,   1.96000,
,,,0.267000000000,   2.00000,
,,,0.268000000000,   2.00000,
,,,0.269000000000,   2.00000,
,,,0.270000000000,   2.00000,
,,,0.271000000000,   1.96000,
,,,0.272000000000,   2.00000,
,,,0.273000000000,   2.00000,
,,,0.274000000000,   2.00000,
,,,0.275000000000,   1.96000,
,,,0.276000000000,   2.00000,
,,,0.277000000000,   2.00000,
,,,0.278000000000,   2.00000,
,,,0.279000000000,   2.00000,
,,,0.280000000000,   2.00000,
,,,0.281000000000,   2.00000,
,,,0.282000000000,   2.00000,
,,,0.283000000000,   2.00000,
,,,0.284000000000,   2.00000,
,,,0.285000000000,   1.96000,
,,,0.286000000000,   2.00000,
,,,0.287000000000,   2.00000,
,,,0.288000000000,   2.00000,
,,,0.289000000000,   2.00000,
,,,0.290000000000,   2.00000,
,,,0.291000000000,   2.00000,
,,,0.292000000000,   2.00000,
,,,0.293000000000,   1.96000,
,,,0.294000000000,   2.00000,
,,,0.295000000000,   2.00000,
,,,0.296000000000,   2.00000,
,,,0.297000000000,   1.96000,
,,,0.298000000000,   2.00000,
,,,0.299000000000,   2.00000,
,,,0.300000000000,   2.00000,
,,,0.301000000000,   2.00000,
,,,0.302000000000,   2.00000,
,,,0.303000000000,   2.00000,
,,,0.304000000000,   2.00000,
,,,0.305000000000,   2.00000,
,,,0.306000000000,   2.00000,
,,,0.307000000000,   2.00000,
,,,0.308000000000,   2.00000,
,,,0.309000000000,   2.00000,
,,,0.310000000000,   2.00000,
,,,0.311000000000,   2.00000,
,,,0.312000000000,   2.00000,
,,,0.313000000000,   2.00000,
,,,0.314000000000,   2.00000,
,,,0.315000000000,   2.00000,
,,,0.316000000000,   2.00000,
,,,0.317000000000,   2.00000,
,,,0.318000000000,   2.00000,
,,,0.319000000000,   2.00000,
,,,0.320000000000,   2.00000,
,,,0.321000000000,   2.04000,
,,,0.322000000000,   2.04000,
,,,0.323000000000,   2.00000,
,,,0.324000000000,   2.00000,
,,,0.325000000000,   2.00000,
,,,0.326000000000,   2.00000,
,,,0.327000000000,   2.04000,
,,,0.328000000000,   2.00000,
,,,0.329000000000,   2.00000,
,,,0.330000000000,   2.00000,
,,,0.331000000000,   2.00000,
,,,0.332000000000,   2.04000,
,,,0.333000000000,   2.00000,
,,,0.334000000000,   2.00000,
,,,0.335000000000,   2.00000,
,,,0.336000000000,   2.04000,
,,,0.337000000000,   2.04000,
,,,0.338000000000,   2.00000,
,,,0.339000000000,   2.04000,
,,,0.340000000000,   2.00000,
,,,0.341000000000,   2.00000,
,,,0.342000000000,   2.00000,
,,,0.343000000000,   2.00000,
,,,0.344000000000,   2.04000,
,,,0.345000000000,   2.04000,
,,,0.346000000000,   2.00000,
,,,0.347000000000,   2.00000,
,,,0.348000000000,   2.00000,
,,,0.349000000000,   2.04000,
,,,0.350000000000,   2.04000,
,,,0.351000000000,   2.00000,
,,,0.352000000000,   2.04000,
,,,0.353000000000,   2.04000,
,,,0.354000000000,   2.04000,
,,,0.355000000000,   2.00000,
,,,0.356000000000,   2.04000,
,,,0.357000000000,   2.00000,
,,,0.358000000000,   2.00000,
,,,0.359000000000,   2.04000,
,,,0.360000000000,   2.04000,
,,,0.361000000000,   2.04000,
,,,0.362000000000,   2.04000,
,,,0.363000000000,   2.04000,
,,,0.364000000000,   2.00000,
,,,0.365000000000,   2.00000,
,,,0.366000000000,   2.04000,
,,,0.367000000000,   2.00000,
,,,0.368000000000,   2.04000,
,,,0.369000000000,   2.04000,
,,,0.370000000000,   2.04000,
,,,0.371000000000,   2.00000,
,,,0.372000000000,   2.04000,
,,,0.373000000000,   2.04000,
,,,0.374000000000,   2.00000,
,,,0.375000000000,   2.00000,
,,,0.376000000000,   2.04000,
,,,0.377000000000,   2.04000,
,,,0.378000000000,   2.04000,
,,,0.379000000000,   2.04000,
,,,0.380000000000,   2.04000,
,,,0.381000000000,   2.04000,
,,,0.382000000000,   2.04000,
,,,0.383000000000,   2.04000,
,,,0.384000000000,   2.04000,
,,,0.385000000000,   2.04000,
,,,0.386000000000,   2.04000,
,,,0.387000000000,   2.04000,
,,,0.388000000000,   2.00000,
,,,0.389000000000,   2.04000,
,,,0.390000000000,   2.00000,
,,,0.391000000000,   2.04000,
,,,0.392000000000,   2.04000,
,,,0.393000000000,   2.00000,
,,,0.394000000000,   2.08000,
,,,0.395000000000,   2.04000,
,,,0.396000000000,   2.00000,
,,,0.397000000000,   2.04000,
,,,0.398000000000,   2.04000,
,,,0.399000000000,   2.04000,
,,,0.400000000000,   2.00000,
,,,0.401000000000,   2.04000,
,,,0.402000000000,   2.08000,
,,,0.403000000000,   2.04000,
,,,0.404000000000,   2.04000,
,,,0.405000000000,   2.04000,
,,,0.406000000000,   2.04000,
,,,0.407000000000,   2.08000,
,,,0.408000000000,   2.04000,
,,,0.409000000000,   2.04000,
,,,0.410000000000,   2.04000,
,,,0.411000000000,   2.04000,
,,,0.412000000000,   2.04000,
,,,0.413000000000,   2.04000,
,,,0.414000000000,   2.04000,
,,,0.415000000000,   2.08000,
,,,0.416000000000,   2.04000,
,,,0.417000000000,   2.04000,
,,,0.418000000000,   2.04000,
,,,0.419000000000,   2.04000,
,,,0.420000000000,   2.04000,
,,,0.421000000000,   2.04000,
,,,0.422000000000,   2.04000,
,,,0.423000000000,   2.04000,
,,,0.424000000000,   2.04000,
,,,0.425000000000,   2.04000,
,,,0.426000000000,   2.08000,
,,,0.427000000000,   2.04000,
,,,0.428000000000,   2.08000,
,,,0.429000000000,   2.04000,
,,,0.430000000000,   2.04000,
,,,0.431000000000,   2.04000,
,,,0.432000000000,   2.04000,
,,,0.433000000000,   2.04000,
,,,0.434000000000,   2.04000,
,,,0.435000000000,   2.04000,
,,,0.436000000000,   2.04000,
,,,0.437000000000,   2.04000,
,,,0.438000000000,   2.04000,
,,,0.439000000000,   2.08000,
,,,0.440000000000,   2.08000,
,,,0.441000000000,   2.08000,
,,,0.442000000000,   2.04000,
,,,0.443000000000,   2.04000,
,,,0.444000000000,   2.08000,
,,,0.445000000000,   2.08000,
,,,0.446000000000,   2.08000,
,,,0.447000000000,   2.04000,
,,,0.448000000000,   2.04000,
,,,0.449000000000,   2.04000,
,,,0.450000000000,   2.04000,
,,,0.451000000000,   2.04000,
,,,0.452000000000,   2.08000,
,,,0.453000000000,   2.08000,
,,,0.454000000000,   2.08000,
,,,0.455000000000,   2.08000,
,,,0.456000000000,   2.04000,
,,,0.457000000000,   2.08000,
,,,0.458000000000,   2.08000,
,,,0.459000000000,   2.08000,
,,,0.460000000000,   2.08000,
,,,0.461000000000,   2.08000,
,,,0.462000000000,   2.04000,
,,,0.463000000000,   2.08000,
,,,0.464000000000,   2.04000,
,,,0.465000000000,   2.04000,
,,,0.466000000000,   2.08000,
,,,0.467000000000,   2.08000,
,,,0.468000000000,   2.08000,
,,,0.469000000000,   2.04000,
,,,0.470000000000,   2.08000,
,,,0.471000000000,   2.04000,
,,,0.472000000000,   2.08000,
,,,0.473000000000,   2.08000,
,,,0.474000000000,   2.08000,
,,,0.475000000000,   2.08000,
,,,0.476000000000,   2.08000,
,,,0.477000000000,   2.08000,
,,,0.478000000000,   2.08000,
,,,0.479000000000,   2.08000,
,,,0.480000000000,   2.04000,
,,,0.481000000000,   2.08000,
,,,0.482000000000,   2.08000,
,,,0.483000000000,   2.08000,
,,,0.484000000000,   2.08000,
,,,0.485000000000,   2.08000,
,,,0.486000000000,   2.08000,
,,,0.487000000000,   2.08000,
,,,0.488000000000,   2.08000,
,,,0.489000000000,   2.08000,
,,,0.490000000000,   2.12000,
,,,0.491000000000,   2.08000,
,,,0.492000000000,   2.08000,
,,,0.493000000000,   2.12000,
,,,0.494000000000,   2.12000,
,,,0.495000000000,   2.08000,
,,,0.496000000000,   2.12000,
,,,0.497000000000,   2.08000,
,,,0.498000000000,   2.08000,
,,,0.499000000000,   2.08000,
,,,0.500000000000,   2.12000,
,,,0.501000000000,   2.08000,
,,,0.502000000000,   2.12000,
,,,0.503000000000,   2.08000,
,,,0.504000000000,   2.12000,
,,,0.505000000000,   2.12000,
,,,0.506000000000,   2.12000,
,,,0.507000000000,   2.08000,
,,,0.508000000000,   2.12000,
,,,0.509000000000,   2.12000,
,,,0.510000000000,   2.12000,
,,,0.511000000000,   2.12000,
,,,0.512000000000,   2.12000,
,,,0.513000000000,   2.12000,
,,,0.514000000000,   2.08000,
,,,0.515000000000,   2.12000,
,,,0.516000000000,   2.12000,
,,,0.517000000000,   2.12000,
,,,0.518000000000,   2.08000,
,,,0.519000000000,   2.12000,
,,,0.520000000000,   2.16000,
,,,0.521000000000,   2.12000,
,,,0.522000000000,   2.08000,
,,,0.523000000000,   2.12000,
,,,0.524000000000,   2.08000,
,,,0.525000000000,   2.12000,
,,,0.526000000000,   2.12000,
,,,0.527000000000,   2.12000,
,,,0.528000000000,   2.12000,
,,,0.529000000000,   2.12000,
,,,0.530000000000,   2.12000,
,,,0.531000000000,   2.12000,
,,,0.532000000000,   2.12000,
,,,0.533000000000,   2.12000,
,,,0.534000000000,   2.12000,
,,,0.535000000000,   2.12000,
,,,0.536000000000,   2.12000,
,,,0.537000000000,   2.12000,
,,,0.538000000000,   2.12000,
,,,0.539000000000,   2.12000,
,,,0.540000000000,  -5.12000,
,,,0.541000000000,  -5.12000,
,,,0.542000000000,  -5.12000,
,,,0.543000000000,  -5.12000,
,,,0.544000000000,  -5.12000,
,,,0.545000000000,  -5.12000,
,,,0.546000000000,  -5.12000,
,,,0.547000000000,  -5.12000,
,,,0.548000000000,  -5.12000,
,,,0.549000000000,  -5.12000,
,,,0.550000000000,  -5.12000,
,,,0.551000000000,  -5.12000,
,,,0.552000000000,  -5.12000,
,,,0.553000000000,  -5.12000,
,,,0.554000000000,  -5.12000,
,,,0.555000000000,  -5.12000,
,,,0.556000000000,  -5.12000,
,,,0.557000000000,  -5.12000,
,,,0.558000000000,  -5.12000,
,,,0.559000000000,  -5.12000,
,,,0.560000000000,  -5.12000,
,,,0.561000000000,  -5.12000,
,,,0.562000000000,  -5.12000,
,,,0.563000000000,  -5.12000,
,,,0.564000000000,  -5.12000,
,,,0.565000000000,  -5.12000,
,,,0.566000000000,  -5.12000,
,,,0.567000000000,  -5.12000,
,,,0.568000000000,  -5.12000,
,,,0.569000000000,  -5.12000,
,,,0.570000000000,  -5.12000,
,,,0.571000000000,  -5.12000,
,,,0.572000000000,  -5.12000,
,,,0.573000000000,  -5.12000,
,,,0.574000000000,  -5.12000,
,,,0.575000000000,  -5.12000,
,,,0.576000000000,  -5.12000,
,,,0.577000000000,  -5.12000,
,,,0.578000000000,  -5.12000,
,,,0.579000000000,  -5.12000,
,,,0.580000000000,  -5.12000,
,,,0.581000000000,  -5.12000,
,,,0.582000000000,  -5.12000,
,,,0.583000000000,  -5.12000,
,,,0.584000000000,  -5.12000,
,,,0.585000000000,  -5.12000,
,,,0.586000000000,  -5.12000,
,,,0.587000000000,  -5.12000,
,,,0.588000000000,  -5.12000,
,,,0.589000000000,  -5.12000,
,,,0.590000000000,  -5.12000,
,,,0.591000000000,  -5.12000,
,,,0.592000000000,  -5.12000,
,,,0.593000000000,  -5.12000,
,,,0.594000000000,  -5.12000,
,,,0.595000000000,  -5.12000,
,,,0.596000000000,  -5.12000,
,,,0.597000000000,  -5.12000,
,,,0.598000000000,  -5.12000,
,,,0.599000000000,  -5.12000,
,,,0.600000000000,  -5.12000,
,,,0.601000000000,  -5.12000,
,,,0.602000000000,  -5.12000,
,,,0.603000000000,  -5.12000,
,,,0.604000000000,  -5.12000,
,,,0.605000000000,  -5.12000,
,,,0.606000000000,  -5.12000,
,,,0.607000000000,  -5.12000,
,,,0.608000000000,  -5.12000,
,,,0.609000000000,  -5.12000,
,,,0.610000000000,  -5.12000,
,,,0.611000000000,  -5.12000,
,,,0.612000000000,  -5.12000,
,,,0.613000000000,  -5.12000,
,,,0.614000000000,  -5.12000,
,,,0.615000000000,  -5.12000,
,,,0.616000000000,  -5.12000,
,,,0.617000000000,  -5.12000,
,,,0.618000000000,  -5.12000,
,,,0.619000000000,  -5.12000,
,,,0.620000000000,  -5.12000,
,,,0.621000000000,  -5.12000,
,,,0.622000000000,  -5.12000,
,,,0.623000000000,  -5.12000,
,,,0.624000000000,  -5.12000,
,,,0.625000000000,  -5.12000,
,,,0.626000000000,  -5.12000,
,,,0.627000000000,  -5.12000,
,,,0.628000000000,  -5.12000,
,,,0.629000000000,  -5.12000,
,,,0.630000000000,  -5.12000,
,,,0.631000000000,  -5.12000,
,,,0.632000000000,  -5.12000,
,,,0.633000000000,  -5.12000,
,,,0.634000000000,  -5.12000,
,,,0.635000000000,  -5.12000,
,,,0.636000000000,  -5.12000,
,,,0.637000000000,  -5.12000,
,,,0.638000000000,  -5.12000,
,,,0.639000000000,  -5.12000,
,,,0.640000000000,  -5.12000,
,,,0.641000000000,  -5.12000,
,,,0.642000000000,  -5.12000,
,,,0.643000000000,  -5.12000,
,,,0.644000000000,  -5.12000,
,,,0.645000000000,  -5.12000,
,,,0.646000000000,  -5.12000,
,,,0.647000000000,  -5.12000,
,,,0.648000000000,  -5.12000,
,,,0.649000000000,  -5.12000,
,,,0.650000000000,  -5.12000,
,,,0.651000000000,  -5.12000,
,,,0.652000000000,  -5.12000,
,,,0.653000000000,  -5.12000,
,,,0.654000000000,  -5.12000,
,,,0.655000000000,  -5.12000,
,,,0.656000000000,  -5.12000,
,,,0.657000000000,  -5.12000,
,,,0.658000000000,  -5.12000,
,,,0.659000000000,  -5.12000,
,,,0.660000000000,  -5.12000,
,,,0.661000000000,  -5.12000,
,,,0.662000000000,  -5.12000,
,,,0.663000000000,  -5.12000,
,,,0.664000000000,  -5.12000,
,,,0.665000000000,  -5.12000,
,,,0.666000000000,  -5.12000,
,,,0.667000000000,  -5.12000,
,,,0.668000000000,  -5.12000,
,,,0.669000000000,  -5.12000,
,,,0.670000000000,  -5.12000,
,,,0.671000000000,  -5.12000,
,,,0.672000000000,  -5.12000,
,,,0.673000000000,  -5.12000,
,,,0.674000000000,  -5.12000,
,,,0.675000000000,  -5.12000,
,,,0.676000000000,  -5.12000,
,,,0.677000000000,  -5.12000,
,,,0.678000000000,  -5.12000,
,,,0.679000000000,  -5.12000,
,,,0.680000000000,  -5.12000,
,,,0.681000000000,  -5.12000,
,,,0.682000000000,  -5.12000,
,,,0.683000000000,  -5.12000,
,,,0.684000000000,  -5.12000,
,,,0.685000000000,  -5.12000,
,,,0.686000000000,  -5.12000,
,,,0.687000000000,  -5.12000,
,,,0.688000000000,  -5.12000,
,,,0.689000000000,  -5.12000,
,,,0.690000000000,  -5.12000,
,,,0.691000000000,  -5.12000,
,,,0.692000000000,  -5.12000,
,,,0.693000000000,  -5.12000,
,,,0.694000000000,  -5.12000,
,,,0.695000000000,  -5.12000,
,,,0.696000000000,  -5.12000,
,,,0.697000000000,  -5.12000,
,,,0.698000000000,  -5.12000,
,,,0.699000000000,  -5.12000,
,,,0.700000000000,  -5.12000,
,,,0.701000000000,  -5.12000,
,,,0.702000000000,  -5.12000,
,,,0.703000000000,  -5.12000,
,,,0.704000000000,  -5.12000,
,,,0.705000000000,  -5.12000,
,,,0.706000000000,  -5.12000,
,,,0.707000000000,  -5.12000,
,,,0.708000000000,  -5.12000,
,,,0.709000000000,  -5.12000,
,,,0.710000000000,  -5.12000,
,,,0.711000000000,  -5.12000,
,,,0.712000000000,  -5.12000,
,,,0.713000000000,  -5.12000,
,,,0.714000000000,  -5.12000,
,,,0.715000000000,  -5.12000,
,,,0.716000000000,  -5.12000,
,,,0.717000000000,  -5.12000,
,,,0.718000000000,  -5.12000,
,,,0.719000000000,  -5.12000,
,,,0.720000000000,  -5.12000,
,,,0.721000000000,  -5.12000,
,,,0.722000000000,  -5.12000,
,,,0.723000000000,  -5.12000,
,,,0.724000000000,  -5.12000,
,,,0.725000000000,  -5.12000,
,,,0.726000000000,  -5.12000,
,,,0.727000000000,  -5.12000,
,,,0.728000000000,  -5.12000,
,,,0.729000000000,  -5.12000,
,,,0.730000000000,  -5.12000,
,,,0.731000000000,  -5.12000,
,,,0.732000000000,  -5.12000,
,,,0.733000000000,  -5.12000,
,,,0.734000000000,  -5.12000,
,,,0.735000000000,  -5.12000,
,,,0.736000000000,  -5.12000,
,,,0.737000000000,  -5.12000,
,,,0.738000000000,  -5.12000,
,,,0.739000000000,  -5.12000,
,,,0.740000000000,  -5.12000,
,,,0.741000000000,  -5.12000,
,,,0.742000000000,  -5.12000,
,,,0.743000000000,  -5.12000,
,,,0.744000000000,  -5.12000,
,,,0.745000000000,  -5.12000,
,,,0.746000000000,  -5.12000,
,,,0.747000000000,  -5.12000,
,,,0.748000000000,  -5.12000,
,,,0.749000000000,  -5.12000,
,,,0.750000000000,  -5.12000,
,,,0.751000000000,  -5.12000,
,,,0.752000000000,  -5.12000,
,,,0.753000000000,  -5.12000,
,,,0.754000000000,  -5.12000,
,,,0.755000000000,  -5.12000,
,,,0.756000000000,  -5.12000,
,,,0.757000000000,  -5.12000,
,,,0.758000000000,  -5.12000,
,,,0.759000000000,  -5.12000,
,,,0.760000000000,  -5.12000,
,,,0.761000000000,  -5.12000,
,,,0.762000000000,  -5.12000,
,,,0.763000000000,  -5.12000,
,,,0.764000000000,  -5.12000,
,,,0.765000000000,  -5.12000,
,,,0.766000000000,  -5.12000,
,,,0.767000000000,  -5.12000,
,,,0.768000000000,  -5.12000,
,,,0.769000000000,  -5.12000,
,,,0.770000000000,  -5.12000,
,,,0.771000000000,  -5.12000,
,,,0.772000000000,  -5.12000,
,,,0.773000000000,  -5.12000,
,,,0.774000000000,  -5.12000,
,,,0.775000000000,  -5.12000,
,,,0.776000000000,  -5.12000,
,,,0.777000000000,  -5.12000,
,,,0.778000000000,  -5.12000,
,,,0.779000000000,  -5.12000,
,,,0.780000000000,  -5.12000,
,,,0.781000000000,  -5.12000,
,,,0.782000000000,  -5.12000,
,,,0.783000000000,  -5.12000,
,,,0.784000000000,  -5.12000,
,,,0.785000000000,  -5.12000,
,,,0.786000000000,  -5.12000,
,,,0.787000000000,  -5.12000,
,,,0.788000000000,  -5.12000,
,,,0.789000000000,   1.92000,
,,,0.790000000000,   1.92000,
,,,0.791000000000,   1.96000,
,,,0.792000000000,   1.92000,
,,,0.793000000000,   1.92000,
,,,0.794000000000,   1.96000,
,,,0.795000000000,   1.92000,
,,,0.796000000000,   1.96000,
,,,0.797000000000,   1.96000,
,,,0.798000000000,   1.96000,
,,,0.799000000000,   1.96000,
,,,0.800000000000,   1.96000,
,,,0.801000000000,   1.92000,
,,,0.802000000000,   1.96000,
,,,0.803000000000,   1.92000,
,,,0.804000000000,   1.96000,
,,,0.805000000000,   1.96000,
,,,0.806000000000,   1.96000,
,,,0.807000000000,   1.96000,
,,,0.808000000000,   1.96000,
,,,0.809000000000,   1.92000,
,,,0.810000000000,   1.96000,
,,,0.811000000000,   1.96000,
,,,0.812000000000,   1.96000,
,,,0.813000000000,   1.96000,
,,,0.814000000000,   1.92000,
,,,0.815000000000,   1.96000,
,,,0.816000000000,   2.00000,
,,,0.817000000000,   1.96000,
,,,0.818000000000,   1.96000,
,,,0.819000000000,   1.96000,
,,,0.820000000000,   1.96000,
,,,0.821000000000,   1.96000,
,,,0.822000000000,   1.96000,
,,,0.823000000000,   1.96000,
,,,0.824000000000,   1.96000,
,,,0.825000000000,   1.96000,
,,,0.826000000000,   1.96000,
,,,0.827000000000,   2.00000,
,,,0.828000000000,   1.96000,
,,,0.829000000000,   2.00000,
,,,0.830000000000,   1.96000,
,,,0.831000000000,   1.96000,
,,,0.832000000000,   1.96000,
,,,0.833000000000,   1.96000,
,,,0.834000000000,   1.96000,
,,,0.835000000000,   1.96000,
,,,0.836000000000,   1.96000,
,,,0.837000000000,   2.00000,
,,,0.838000000000,   1.96000,
,,,0.839000000000,   1.96000,
,,,0.840000000000,   1.96000,
,,,0.841000000000,   2.00000,
,,,0.842000000000,   2.00000,
,,,0.843000000000,   2.00000,
,,,0.844000000000,   2.00000,
,,,0.845000000000,   2.00000,
,,,0.846000000000,   2.00000,
,,,0.847000000000,   2.00000,
,,,0.848000000000,   1.96000,
,,,0.849000000000,   1.96000,
,,,0.850000000000,   1.96000,
,,,0.851000000000,   1.96000,
,,,0.852000000000,   2.00000,
,,,0.853000000000,   2.00000,
,,,0.854000000000,   1.96000,
,,,0.855000000000,   2.00000,
,,,0.856000000000,   2.00000,
,,,0.857000000000,   2.00000,
,,,0.858000000000,   1.96000,
,,,0.859000000000,   2.00000,
,,,0.860000000000,   2.00000,
,,,0.861000000000,   2.00000,
,,,0.862000000000,   2.00000,
,,,0.863000000000,   2.00000,
,,,0.864000000000,   1.96000,
,,,0.865000000000,   2.00000,
,,,0.866000000000,   2.00000,
,,,0.867000000000,   2.00000,
,,,0.868000000000,   2.00000,
,,,0.869000000000,   2.00000,
,,,0.870000000000,   2.00000,
,,,0.871000000000,   2.00000,
,,,0.872000000000,   2.00000,
,,,0.873000000000,   2.00000,
,,,0.874000000000,   2.00000,
,,,0.875000000000,   2.00000,
,,,0.876000000000,   2.00000,
,,,0.877000000000,   2.00000,
,,,0.878000000000,   2.04000,
,,,0.879000000000,   2.00000,
,,,0.880000000000,   2.00000,
,,,0.881000000000,   2.00000,
,,,0.882000000000,   2.00000,
,,,0.883000000000,   2.00000,
,,,0.884000000000,   2.04000,
,,,0.885000000000,   2.04000,
,,,0.886000000000,   2.04000,
,,,0.887000000000,   2.00000,
,,,0.888000000000,   2.04000,
,,,0.889000000000,   2.04000,
,,,0.890000000000,   2.04000,
,,,0.891000000000,   2.00000,
,,,0.892000000000,   2.00000,
,,,0.893000000000,   2.00000,
,,,0.894000000000,   2.04000,
,,,0.895000000000,   2.04000,
,,,0.896000000000,   2.00000,
,,,0.897000000000,   2.00000,
,,,0.898000000000,   2.04000,
,,,0.899000000000,   2.04000,
,,,0.900000000000,   2.04000,
,,,0.901000000000,   2.04000,
,,,0.902000000000,   2.04000,
,,,0.903000000000,   2.04000,
,,,0.904000000000,   2.04000,
,,,0.905000000000,   2.00000,
,,,0.906000000000,   2.04000,
,,,0.907000000000,   2.04000,
,,,0.908000000000,   2.04000,
,,,0.909000000000,   2.04000,
,,,0.910000000000,   2.04000,
,,,0.911000000000,   2.04000,
,,,0.912000000000,   2.04000,
,,,0.913000000000,   2.04000,
,,,0.914000000000,   2.04000,
,,,0.915000000000,   2.04000,
,,,0.916000000000,   2.04000,
,,,0.917000000000,   2.04000,
,,,0.918000000000,   2.04000,
,,,0.919000000000,   2.04000,
,,,0.920000000000,   2.04000,
,,,0.921000000000,   2.00000,
,,,0.922000000000,   2.04000,
,,,0.923000000000,   2.04000,
,,,0.924000000000,   2.04000,
,,,0.925000000000,   2.04000,
,,,0.926000000000,   2.08000,
,,,0.927000000000,   2.04000,
,,,0.928000000000,   2.04000,
,,,0.929000000000,   2.04000,
,,,0.930000000000,   2.04000,
,,,0.931000000000,   2.04000,
,,,0.932000000000,   2.04000,
,,,0.933000000000,   2.04000,
,,,0.934000000000,   2.04000,
,,,0.935000000000,   2.04000,
,,,0.936000000000,   2.04000,
,,,0.937000000000,   2.04000,
,,,0.938000000000,   2.04000,
,,,0.939000000000,   2.04000,
,,,0.940000000000,   2.08000,
,,,0.941000000000,   2.04000,
,,,0.942000000000,   2.04000,
,,,0.943000000000,   2.04000,
,,,0.944000000000,   2.04000,
,,,0.945000000000,   2.04000,
,,,0.946000000000,   2.04000,
,,,0.947000000000,   2.08000,
,,,0.948000000000,   2.08000,
,,,0.949000000000,   2.08000,
,,,0.950000000000,   2.08000,
,,,0.951000000000,   2.08000,
,,,0.952000000000,   2.04000,
,,,0.953000000000,   2.04000,
,,,0.954000000000,   2.04000,
,,,0.955000000000,   2.08000,
,,,0.956000000000,   2.08000,
,,,0.957000000000,   2.08000,
,,,0.958000000000,   2.04000,
,,,0.959000000000,   2.04000,
,,,0.960000000000,   2.04000,
,,,0.961000000000,   2.08000,
,,,0.962000000000,   2.04000,
,,,0.963000000000,   2.04000,
,,,0.964000000000,   2.04000,
,,,0.965000000000,   2.04000,
,,,0.966000000000,   2.04000,
,,,0.967000000000,   2.12000,
,,,0.968000000000,   2.08000,
,,,0.969000000000,   2.08000,
,,,0.970000000000,   2.08000,
,,,0.971000000000,   2.04000,
,,,0.972000000000,   2.04000,
,,,0.973000000000,   2.08000,
,,,0.974000000000,   2.12000,
,,,0.975000000000,   2.08000,
,,,0.976000000000,   2.08000,
,,,0.977000000000,   2.08000,
,,,0.978000000000,   2.08000,
,,,0.979000000000,   2.08000,
,,,0.980000000000,   2.08000,
,,,0.981000000000,   2.08000,
,,,0.982000000000,   2.08000,
,,,0.983000000000,   2.08000,
,,,0.984000000000,   2.12000,
,,,0.985000000000,   2.08000,
,,,0.986000000000,   2.08000,
,,,0.987000000000,   2.08000,
,,,0.988000000000,   2.08000,
,,,0.989000000000,   2.08000,
,,,0.990000000000,   2.12000,
,,,0.991000000000,   2.08000,
,,,0.992000000000,   2.08000,
,,,0.993000000000,   2.08000,
,,,0.994000000000,   2.08000,
,,,0.995000000000,   2.08000,
,,,0.996000000000,   2.08000,
,,,0.997000000000,   2.08000,
,,,0.998000000000,   2.08000,
,,,0.999000000000,   2.08000,
,,,1.000000000000,   2.08000,
,,,1.001000000000,   2.08000,
,,,1.002000000000,   2.12000,
,,,1.003000000000,   2.08000,
,,,1.004000000000,   2.08000,
,,,1.005000000000,   2.08000,
,,,1.006000000000,   2.08000,
,,,1.007000000000,   2.08000,
,,,1.008000000000,   2.12000,
,,,1.009000000000,   2.08000,
,,,1.010000000000,   2.12000,
,,,1.011000000000,   2.08000,
,,,1.012000000000,   2.08000,
,,,1.013000000000,   2.12000,
,,,1.014000000000,   2.12000,
,,,1.015000000000,   2.08000,
,,,1.016000000000,   2.08000,
,,,1.017000000000,   2.08000,
,,,1.018000000000,   2.12000,
,,,1.019000000000,   2.08000,
,,,1.020000000000,   2.08000,
,,,1.021000000000,   2.12000,
,,,1.022000000000,   2.12000,
,,,1.023000000000,   2.12000,
,,,1.024000000000,   2.12000,
,,,1.025000000000,   2.12000,
,,,1.026000000000,   2.12000,
,,,1.027000000000,   2.08000,
,,,1.028000000000,   2.08000,
,,,1.029000000000,   2.08000,
,,,1.030000000000,   2.12000,
,,,1.031000000000,   2.08000,
,,,1.032000000000,   2.08000,
,,,1.033000000000,   2.12000,
,,,1.034000000000,   2.12000,
,,,1.035000000000,   2.12000,
,,,1.036000000000,   2.12000,
,,,1.037000000000,   2.12000,
,,,1.038000000000,   2.12000,
,,,1.039000000000,   2.08000,
,,,1.040000000000,   2.12000,
,,,1.041000000000,   2.12000,
,,,1.042000000000,   2.12000,
,,,1.043000000000,   2.12000,
,,,1.044000000000,   2.12000,
,,,1.045000000000,   2.08000,
,,,1.046000000000,   2.12000,
,,,1.047000000000,   2.12000,
,,,1.048000000000,   2.12000,
,,,1.049000000000,   2.08000,
,,,1.050000000000,   2.12000,
,,,1.051000000000,   2.12000,
,,,1.052000000000,   2.12000,
,,,1.053000000000,   2.12000,
,,,1.054000000000,   2.12000,
,,,1.055000000000,   2.08000,
,,,1.056000000000,   2.12000,
,,,1.057000000000,   2.08000,
,,,1.058000000000,   2.12000,
,,,1.059000000000,   2.12000,
,,,1.060000000000,   2.12000,
,,,1.061000000000,   2.12000,
,,,1.062000000000,   2.12000,
,,,1.063000000000,   2.12000,
,,,1.064000000000,   2.12000,
,,,1.065000000000,   2.12000,
,,,1.066000000000,   2.12000,
,,,1.067000000000,   2.12000,
,,,1.068000000000,   2.12000,
,,,1.069000000000,   2.12000,
,,,1.070000000000,   2.12000,
,,,1.071000000000,   2.12000,
,,,1.072000000000,   2.12000,
,,,1.073000000000,   2.12000,
,,,1.074000000000,   2.16000,
,,,1.075000000000,   2.12000,
,,,1.076000000000,   2.12000,
,,,1.077000000000,   2.12000,
,,,1.078000000000,   2.12000,
,,,1.079000000000,   2.12000,
,,,1.080000000000,   2.12000,
,,,1.081000000000,   2.12000,
,,,1.082000000000,   2.12000,
,,,1.083000000000,   2.16000,
,,,1.084000000000,   2.12000,
,,,1.085000000000,   2.12000,
,,,1.086000000000,   2.12000,
,,,1.087000000000,   2.16000,
,,,1.088000000000,   2.12000,
,,,1.089000000000,   2.16000,
,,,1.090000000000,   2.12000,
,,,1.091000000000,   2.12000,
,,,1.092000000000,   2.12000,
,,,1.093000000000,   2.12000,
,,,1.094000000000,   2.12000,
,,,1.095000000000,   2.12000,
,,,1.096000000000,   2.12000,
,,,1.097000000000,   2.12000,
,,,1.098000000000,   2.12000,
,,,1.099000000000,   2.16000,
,,,1.100000000000,   2.12000,
,,,1.101000000000,   2.12000,
,,,1.102000000000,   2.12000,
,,,1.103000000000,   2.12000,
,,,1.104000000000,   2.12000,
,,,1.105000000000,   2.12000,
,,,1.106000000000,   2.12000,
,,,1.107000000000,   2.12000,
,,,1.108000000000,   2.12000,
,,,1.109000000000,   2.12000,
,,,1.110000000000,   2.16000,
,,,1.111000000000,   2.16000,
,,,1.112000000000,   2.12000,
,,,1.113000000000,   2.12000,
,,,1.114000000000,   2.12000,
,,,1.115000000000,   2.12000,
,,,1.116000000000,   2.12000,
,,,1.117000000000,   2.12000,
,,,1.118000000000,   2.16000,
,,,1.119000000000,   2.16000,
,,,1.120000000000,   2.12000,
,,,1.121000000000,   2.12000,
,,,1.122000000000,   2.12000,
,,,1.123000000000,   2.12000,
,,,1.124000000000,   2.12000,
,,,1.125000000000,   2.12000,
,,,1.126000000000,   2.16000,
,,,1.127000000000,   2.12000,
,,,1.128000000000,   2.16000,
,,,1.129000000000,   2.12000,
,,,1.130000000000,   2.12000,
,,,1.131000000000,   2.16000,
,,,1.132000000000,   2.16000,
,,,1.133000000000,   2.12000,
,,,1.134000000000,   2.16000,
,,,1.135000000000,   2.12000,
,,,1.136000000000,   2.12000,
,,,1.137000000000,   2.12000,
,,,1.138000000000,   2.12000,
,,,1.139000000000,   2.16000,
,,,1.140000000000,   2.12000,
,,,1.141000000000,   2.12000,
,,,1.142000000000,   2.16000,
,,,1.143000000000,   2.12000,
,,,1.144000000000,   2.16000,
,,,1.145000000000,   2.12000,
,,,1.146000000000,   2.16000,
,,,1.147000000000,   2.16000,
,,,1.148000000000,   2.12000,
,,,1.149000000000,   2.16000,
,,,1.150000000000,   2.16000,
,,,1.151000000000,   2.16000,
,,,1.152000000000,   2.12000,
,,,1.153000000000,   2.16000,
,,,1.154000000000,   2.16000,
,,,1.155000000000,   2.16000,
,,,1.156000000000,   2.16000,
,,,1.157000000000,   2.12000,
,,,1.158000000000,   2.16000,
,,,1.159000000000,   2.16000,
,,,1.160000000000,   2.16000,
,,,1.161000000000,   2.16000,
,,,1.162000000000,   2.16000,
,,,1.163000000000,   2.16000,
,,,1.164000000000,   2.16000,
,,,1.165000000000,   2.16000,
,,,1.166000000000,   2.16000,
,,,1.167000000000,   2.12000,
,,,1.168000000000,   2.16000,
,,,1.169000000000,   2.16000,
,,,1.170000000000,   2.16000,
,,,1.171000000000,   2.16000,
,,,1.172000000000,   2.16000,
,,,1.173000000000,   2.16000,
,,,1.174000000000,   2.16000,
,,,1.175000000000,   2.16000,
,,,1.176000000000,   2.16000,
,,,1.177000000000,   2.16000,
,,,1.178000000000,   2.20000,
,,,1.179000000000,   2.16000,
,,,1.180000000000,   2.16000,
,,,1.181000000000,   2.16000,
,,,1.182000000000,   2.16000,
,,,1.183000000000,   2.16000,
,,,1.184000000000,   2.16000,
,,,1.185000000000,   2.16000,
,,,1.186000000000,   2.16000,
,,,1.187000000000,   2.16000,
,,,1.188000000000,   2.16000,
,,,1.189000000000,   2.16000,
,,,1.190000000000,   2.16000,
,,,1.191000000000,   2.16000,
,,,1.192000000000,   2.16000,
,,,1.193000000000,   2.16000,
,,,1.194000000000,   2.16000,
,,,1.195000000000,   2.16000,
,,,1.196000000000,   2.16000,
,,,1.197000000000,   2.16000,
,,,1.198000000000,   2.16000,
,,,1.199000000000,   2.16000,
,,,1.200000000000,   2.16000,
,,,1.201000000000,   2.16000,
,,,1.202000000000,   2.16000,
,,,1.203000000000,   2.16000,
,,,1.204000000000,   2.16000,
,,,1.205000000000,   2.16000,
,,,1.206000000000,   2.16000,
,,,1.207000000000,   2.16000,
,,,1.208000000000,   2.20000,
,,,1.209000000000,   2.16000,
,,,1.210000000000,   2.16000,
,,,1.211000000000,   2.16000,
,,,1.212000000000,   2.20000,
,,,1.213000000000,   2.16000,
,,,1.214000000000,   2.20000,
,,,1.215000000000,   2.16000,
,,,1.216000000000,   2.16000,
,,,1.217000000000,   2.16000,
,,,1.218000000000,   2.16000,
,,,1.219000000000,   2.16000,
,,,1.220000000000,   2.16000,
,,,1.221000000000,   2.16000,
,,,1.222000000000,   2.16000,
,,,1.223000000000,   2.16000,
,,,1.224000000000,   2.16000,
,,,1.225000000000,   2.16000,
,,,1.226000000000,   2.16000,
,,,1.227000000000,   2.20000,
,,,1.228000000000,   2.20000,
,,,1.229000000000,   2.16000,
,,,1.230000000000,   2.16000,
,,,1.231000000000,   2.16000,
,,,1.232000000000,   2.16000,
,,,1.233000000000,   2.20000,
,,,1.234000000000,   2.20000,
,,,1.235000000000,   2.20000,
,,,1.236000000000,   2.16000,
,,,1.237000000000,   2.20000,
,,,1.238000000000,   2.20000,
,,,1.239000000000,   2.20000,
,,,1.240000000000,   2.20000,
,,,1.241000000000,   2.20000,
,,,1.242000000000,   2.16000,
,,,1.243000000000,   2.16000,
,,,1.244000000000,   2.16000,
,,,1.245000000000,   2.20000,
,,,1.246000000000,   2.20000,
,,,1.247000000000,   2.16000,
,,,1.248000000000,   2.20000,
,,,1.249000000000,   2.20000,
,,,1.250000000000,   2.20000,
,,,1.251000000000,   2.20000,
,,,1.252000000000,   2.20000,
,,,1.253000000000,   2.20000,
,,,1.254000000000,   2.20000,
,,,1.255000000000,   2.20000,
,,,1.256000000000,   2.20000,
,,,1.257000000000,   2.20000,
,,,1.258000000000,   2.20000,
,,,1.259000000000,   2.20000,
,,,1.260000000000,   2.20000,
,,,1.261000000000,   2.20000,
,,,1.262000000000,   2.20000,
,,,1.263000000000,   2.20000,
,,,1.264000000000,   2.20000,
,,,1.265000000000,   2.20000,
,,,1.266000000000,   2.20000,
,,,1.267000000000,   2.20000,
,,,1.268000000000,   2.20000,
,,,1.269000000000,   2.20000,
,,,1.270000000000,   2.20000,
,,,1.271000000000,   2.20000,
,,,1.272000000000,   2.24000,
,,,1.273000000000,   2.20000,
,,,1.274000000000,   2.20000,
,,,1.275000000000,   2.20000,
,,,1.276000000000,   2.24000,
,,,1.277000000000,   2.20000,
,,,1.278000000000,   2.20000,
,,,1.279000000000,   2.20000,
,,,1.280000000000,   2.20000,
,,,1.281000000000,   2.20000,
,,,1.282000000000,   2.20000,
,,,1.283000000000,   2.20000,
,,,1.284000000000,   2.20000,
,,,1.285000000000,   2.20000,
,,,1.286000000000,   2.20000,
,,,1.287000000000,   2.20000,
,,,1.288000000000,   2.24000,
,,,1.289000000000,   2.24000,
,,,1.290000000000,   2.20000,
,,,1.291000000000,   2.20000,
,,,1.292000000000,   2.20000,
,,,1.293000000000,   2.24000,
,,,1.294000000000,   2.20000,
,,,1.295000000000,   2.20000,
,,,1.296000000000,   2.20000,
,,,1.297000000000,   2.24000,
,,,1.298000000000,   2.20000,
,,,1.299000000000,   2.20000,
,,,1.300000000000,   2.24000,
,,,1.301000000000,   2.24000,
,,,1.302000000000,   2.24000,
,,,1.303000000000,   2.24000,
,,,1.304000000000,   2.24000,
,,,1.305000000000,   2.24000,
,,,1.306000000000,   2.24000,
,,,1.307000000000,   2.20000,
,,,1.308000000000,   2.24000,
,,,1.309000000000,   2.20000,
,,,1.310000000000,   2.24000,
,,,1.311000000000,   2.24000,
,,,1.312000000000,   2.24000,
,,,1.313000000000,   2.24000,
,,,1.314000000000,   2.24000,
,,,1.315000000000,   2.20000,
,,,1.316000000000,   2.24000,
,,,1.317000000000,   2.24000,
,,,1.318000000000,   2.24000,
,,,1.319000000000,   2.24000,
,,,1.320000000000,   2.24000,
,,,1.321000000000,   2.24000,
,,,1.322000000000,   2.20000,
,,,1.323000000000,   2.24000,
,,,1.324000000000,   2.24000,
,,,1.325000000000,   2.24000,
,,,1.326000000000,   2.24000,
,,,1.327000000000,   2.24000,
,,,1.328000000000,   2.24000,
,,,1.329000000000,   2.28000,
,,,1.330000000000,   2.24000,
,,,1.331000000000,   2.24000,
,,,1.332000000000,   2.24000,
,,,1.333000000000,   2.20000,
,,,1.334000000000,   2.24000,
,,,1.335000000000,   2.24000,
,,,1.336000000000,   2.28000,
,,,1.337000000000,   2.24000,
,,,1.338000000000,   2.24000,
,,,1.339000000000,   2.24000,
,,,1.340000000000,   2.28000,
,,,1.341000000000,   2.24000,
,,,1.342000000000,   2.24000,
,,,1.343000000000,   2.24000,
,,,1.344000000000,   2.24000,
,,,1.345000000000,   2.28000,
,,,1.346000000000,   2.24000,
,,,1.347000000000,   2.24000,
,,,1.348000000000,   2.28000,
,,,1.349000000000,   2.24000,
,,,1.350000000000,   2.24000,
,,,1.351000000000,   2.24000,
,,,1.352000000000,   2.24000,
,,,1.353000000000,   2.28000,
,,,1.354000000000,   2.24000,
,,,1.355000000000,   2.24000,
,,,1.356000000000,   2.24000,
,,,1.357000000000,   2.28000,
,,,1.358000000000,   2.24000,
,,,1.359000000000,   2.28000,
,,,1.360000000000,   2.28000,
,,,1.361000000000,   2.28000,
,,,1.362000000000,   2.28000,
,,,1.363000000000,   2.28000,
,,,1.364000000000,   2.28000,
,,,1.365000000000,   2.24000,
,,,1.366000000000,   2.28000,
,,,1.367000000000,   2.28000,
,,,1.368000000000,   2.28000,
,,,1.369000000000,   2.28000,
,,,1.370000000000,   2.28000,
,,,1.371000000000,   2.28000,
,,,1.372000000000,   2.28000,
,,,1.373000000000,   2.28000,
,,,1.374000000000,   2.28000,
,,,1.375000000000,   2.28000,
,,,1.376000000000,   2.24000,
,,,1.377000000000,   2.28000,
,,,1.378000000000,   2.28000,
,,,1.379000000000,   2.28000,
,,,1.380000000000,   2.28000,
,,,1.381000000000,   2.28000,
,,,1.382000000000,   2.28000,
,,,1.383000000000,   2.28000,
,,,1.384000000000,   2.28000,
,,,1.385000000000,   2.28000,
,,,1.386000000000,   2.28000,
,,,1.387000000000,   2.28000,
,,,1.388000000000,   2.28000,
,,,1.389000000000,   2.28000,
,,,1.390000000000,   2.28000,
,,,1.391000000000,   2.28000,
,,,1.392000000000,   2.28000,
,,,1.393000000000,   2.28000,
,,,1.394000000000,   2.28000,
,,,1.395000000000,   2.28000,
,,,1.396000000000,   2.28000,
,,,1.397000000000,   2.28000,
,,,1.398000000000,   2.28000,
,,,1.399000000000,   2.28000,
,,,1.400000000000,   2.28000,
,,,1.401000000000,   2.28000,
,,,1.402000000000,   2.28000,
,,,1.403000000000,   2.28000,
,,,1.404000000000,   2.28000,
,,,1.405000000000,   2.28000,
,,,1.406000000000,   2.28000,
,,,1.407000000000,   2.28000,
,,,1.408000000000,   2.28000,
,,,1.409000000000,   2.28000,
,,,1.410000000000,   2.28000,
,,,1.411000000000,   2.28000,
,,,1.412000000000,   2.28000,
,,,1.413000000000,   2.28000,
,,,1.414000000000,   2.28000,
,,,1.415000000000,   2.28000,
,,,1.416000000000,   2.28000,
,,,1.417000000000,   2.28000,
,,,1.418000000000,   2.28000,
,,,1.419000000000,   2.32000,
,,,1.420000000000,   2.32000,
,,,1.421000000000,   2.28000,
,,,1.422000000000,   2.28000,
,,,1.423000000000,   2.28000,
,,,1.424000000000,   2.28000,
,,,1.425000000000,   2.32000,
,,,1.426000000000,   2.28000,
,,,1.427000000000,   2.32000,
,,,1.428000000000,   2.32000,
,,,1.429000000000,   2.32000,
,,,1.430000000000,   2.32000,
,,,1.431000000000,   2.32000,
,,,1.432000000000,   2.32000,
,,,1.433000000000,   2.32000,
,,,1.434000000000,   2.32000,
,,,1.435000000000,   2.32000,
,,,1.436000000000,   2.32000,
,,,1.437000000000,   2.32000,
,,,1.438000000000,   2.32000,
,,,1.439000000000,   2.32000,
,,,1.440000000000,   2.32000,
,,,1.441000000000,   2.32000,
,,,1.442000000000,   2.32000,
,,,1.443000000000,   2.32000,
,,,1.444000000000,   2.32000,
,,,1.445000000000,   2.32000,
,,,1.446000000000,   2.32000,
,,,1.447000000000,   2.32000,
,,,1.448000000000,   2.32000,
,,,1.449000000000,   2.32000,
,,,1.450000000000,   2.32000,
,,,1.451000000000,   2.32000,
,,,1.452000000000,   2.32000,
,,,1.453000000000,   2.32000,
,,,1.454000000000,   2.32000,
,,,1.455000000000,   2.32000,
,,,1.456000000000,   2.36000,
,,,1.457000000000,   2.32000,
,,,1.458000000000,   2.32000,
,,,1.459000000000,   2.32000,
,,,1.460000000000,   2.36000,
,,,1.461000000000,   2.32000,
,,,1.462000000000,   2.32000,
,,,1.463000000000,   2.32000,
,,,1.464000000000,   2.32000,
,,,1.465000000000,   2.36000,
,,,1.466000000000,   2.32000,
,,,1.467000000000,   2.32000,
,,,1.468000000000,   2.36000,
,,,1.469000000000,   2.32000,
,,,1.470000000000,   2.32000,
,,,1.471000000000,   2.32000,
,,,1.472000000000,   2.36000,
,,,1.473000000000,   2.36000,
,,,1.474000000000,   2.32000,
,,,1.475000000000,   2.32000,
,,,1.476000000000,   2.36000,
,,,1.477000000000,   2.36000,
,,,1.478000000000,   2.32000,
,,,1.479000000000,   2.32000,
,,,1.480000000000,   2.36000,
,,,1.481000000000,   2.32000,
,,,1.482000000000,   2.36000,
,,,1.483000000000,   2.36000,
,,,1.484000000000,   2.36000,
,,,1.485000000000,   2.36000,
,,,1.486000000000,   2.36000,
,,,1.487000000000,   2.36000,
,,,1.488000000000,   2.36000,
,,,1.489000000000,   2.32000,
,,,1.490000000000,   2.36000,
,,,1.491000000000,   2.36000,
,,,1.492000000000,   2.36000,
,,,1.493000000000,   2.36000,
,,,1.494000000000,   2.36000,
,,,1.495000000000,   2.36000,
,,,1.496000000000,   2.36000,
,,,1.497000000000,   2.36000,
,,,1.498000000000,   2.36000,
,,,1.499000000000,   2.40000,
,,,1.500000000000,   2.36000,
,,,1.501000000000,   2.36000,
,,,1.502000000000,   2.36000,
,,,1.503000000000,   2.36000,
,,,1.504000000000,   2.36000,
,,,1.505000000000,   2.36000,
,,,1.506000000000,   2.36000,
,,,1.507000000000,   2.36000,
,,,1.508000000000,   2.36000,
,,,1.509000000000,   2.36000,
,,,1.510000000000,   2.36000,
,,,1.511000000000,   2.36000,
,,,1.512000000000,   2.40000,
,,,1.513000000000,   2.36000,
,,,1.514000000000,   2.36000,
,,,1.515000000000,   2.36000,
,,,1.516000000000,   2.40000,
,,,1.517000000000,   2.36000,
,,,1.518000000000,   2.36000,
,,,1.519000000000,   2.36000,
,,,1.520000000000,   2.36000,
,,,1.521000000000,   2.40000,
,,,1.522000000000,   2.40000,
,,,1.523000000000,   2.36000,
,,,1.524000000000,   2.36000,
,,,1.525000000000,   2.40000,
,,,1.526000000000,   2.40000,
,,,1.527000000000,   2.36000,
,,,1.528000000000,   2.36000,
,,,1.529000000000,   2.36000,
,,,1.530000000000,   2.40000,
,,,1.531000000000,   2.40000,
,,,1.532000000000,   2.36000,
,,,1.533000000000,   2.36000,
,,,1.534000000000,   2.40000,
,,,1.535000000000,   2.36000,
,,,1.536000000000,   2.40000,
,,,1.537000000000,   2.40000,
,,,1.538000000000,   2.40000,
,,,1.539000000000,   2.40000,
,,,1.540000000000,   2.40000,
,,,1.541000000000,   2.36000,
,,,1.542000000000,   2.40000,
,,,1.543000000000,   2.40000,
,,,1.544000000000,   2.40000,
,,,1.545000000000,   2.40000,
,,,1.546000000000,   2.40000,
,,,1.547000000000,   2.40000,
,,,1.548000000000,   2.40000,
,,,1.549000000000,   2.40000,
,,,1.550000000000,   2.40000,
,,,1.551000000000,   2.40000,
,,,1.552000000000,   2.40000,
,,,1.553000000000,   2.40000,
,,,1.554000000000,   2.40000,
,,,1.555000000000,   2.40000,
,,,1.556000000000,   2.36000,
,,,1.557000000000,   2.40000,
,,,1.558000000000,   2.40000,
,,,1.559000000000,   2.40000,
,,,1.560000000000,   2.40000,
,,,1.561000000000,   2.40000,
,,,1.562000000000,   2.40000,
,,,1.563000000000,   2.40000,
,,,1.564000000000,   2.40000,
,,,1.565000000000,   2.40000,
,,,1.566000000000,   2.40000,
,,,1.567000000000,   2.40000,
,,,1.568000000000,   2.40000,
,,,1.569000000000,   2.40000,
,,,1.570000000000,   2.40000,
,,,1.571000000000,   2.44000,
,,,1.572000000000,   2.40000,
,,,1.573000000000,   2.40000,
,,,1.574000000000,   2.40000,
,,,1.575000000000,   2.40000,
,,,1.576000000000,   2.40000,
,,,1.577000000000,   2.40000,
,,,1.578000000000,   2.36000,
,,,1.579000000000,   2.40000,
,,,1.580000000000,   2.40000,
,,,1.581000000000,   2.44000,
,,,1.582000000000,   2.40000,
,,,1.583000000000,   2.40000,
,,,1.584000000000,   2.40000,
,,,1.585000000000,   2.44000,
,,,1.586000000000,   2.40000,
,,,1.587000000000,   2.40000,
,,,1.588000000000,   2.44000,
,,,1.589000000000,   2.40000,
,,,1.590000000000,   2.40000,
,,,1.591000000000,   2.40000,
,,,1.592000000000,   2.40000,
,,,1.593000000000,   2.44000,
,,,1.594000000000,   2.40000,
,,,1.595000000000,   2.40000,
,,,1.596000000000,   2.40000,
,,,1.597000000000,   2.40000,
,,,1.598000000000,   2.40000,
,,,1.599000000000,   2.40000,
,,,1.600000000000,   2.44000,
,,,1.601000000000,   2.44000,
,,,1.602000000000,   2.44000,
,,,1.603000000000,   2.40000,
,,,1.604000000000,   2.44000,
,,,1.605000000000,   2.44000,
,,,1.606000000000,   2.40000,
,,,1.607000000000,   2.40000,
,,,1.608000000000,   2.40000,
,,,1.609000000000,   2.44000,
,,,1.610000000000,   2.40000,
,,,1.611000000000,   2.40000,
,,,1.612000000000,   2.40000,
,,,1.613000000000,   2.40000,
,,,1.614000000000,   2.44000,
,,,1.615000000000,   2.40000,
,,,1.616000000000,   2.44000,
,,,1.617000000000,   2.40000,
,,,1.618000000000,   2.40000,
,,,1.619000000000,   2.44000,
,,,1.620000000000,   2.44000,
,,,1.621000000000,   2.44000,
,,,1.622000000000,   2.44000,
,,,1.623000000000,   2.40000,
,,,1.624000000000,   2.40000,
,,,1.625000000000,   2.44000,
,,,1.626000000000,   2.44000,
,,,1.627000000000,   2.44000,
,,,1.628000000000,   2.44000,
,,,1.629000000000,   2.40000,
,,,1.630000000000,   2.44000,
,,,1.631000000000,   2.40000,
,,,1.632000000000,   2.44000,
,,,1.633000000000,   2.44000,
,,,1.634000000000,   2.44000,
,,,1.635000000000,   2.44000,
,,,1.636000000000,   2.44000,
,,,1.637000000000,   2.44000,
,,,1.638000000000,   2.40000,
,,,1.639000000000,   2.44000,
,,,1.640000000000,   2.44000,
,,,1.641000000000,   2.44000,
,,,1.642000000000,   2.44000,
,,,1.643000000000,   2.44000,
,,,1.644000000000,   2.44000,
,,,1.645000000000,   2.44000,
,,,1.646000000000,   2.44000,
,,,1.647000000000,   2.44000,
,,,1.648000000000,   2.40000,
,,,1.649000000000,   2.44000,
,,,1.650000000000,   2.44000,
,,,1.651000000000,   2.28000,
,,,1.652000000000,   2.24000,
,,,1.653000000000,   2.24000,
,,,1.654000000000,   2.24000,
,,,1.655000000000,   2.20000,
,,,1.656000000000,   2.20000,
,,,1.657000000000,   2.16000,
,,,1.658000000000,   2.12000,
,,,1.659000000000,   2.08000,
,,,1.660000000000,   2.04000,
,,,1.661000000000,   2.00000,
,,,1.662000000000,   1.96000,
,,,1.663000000000,   1.92000,
,,,1.664000000000,   1.88000,
,,,1.665000000000,   1.84000,
,,,1.666000000000,   1.88000,
,,,1.667000000000,   1.88000,
,,,1.668000000000,   1.84000,
,,,1.669000000000,   1.88000,
,,,1.670000000000,   1.88000,
,,,1.671000000000,   1.88000,
,,,1.672000000000,   1.88000,
,,,1.673000000000,   1.88000,
,,,1.674000000000,   1.88000,
,,,1.675000000000,   1.88000,
,,,1.676000000000,   1.88000,
,,,1.677000000000,   1.88000,
,,,1.678000000000,   1.88000,
,,,1.679000000000,   1.88000,
,,,1.680000000000,   1.88000,
,,,1.681000000000,   1.88000,
,,,1.682000000000,   1.88000,
,,,1.683000000000,   1.88000,
,,,1.684000000000,   1.88000,
,,,1.685000000000,   1.88000,
,,,1.686000000000,   1.88000,
,,,1.687000000000,   1.88000,
,,,1.688000000000,   1.88000,
,,,1.689000000000,   1.88000,
,,,1.690000000000,   1.88000,
,,,1.691000000000,   1.88000,
,,,1.692000000000,   1.88000,
,,,1.693000000000,   1.88000,
,,,1.694000000000,   1.88000,
,,,1.695000000000,   1.84000,
,,,1.696000000000,   1.88000,
,,,1.697000000000,   1.88000,
,,,1.698000000000,   1.88000,
,,,1.699000000000,   1.88000,
,,,1.700000000000,   1.88000,
,,,1.701000000000,   1.88000,
,,,1.702000000000,   1.88000,
,,,1.703000000000,   1.92000,
,,,1.704000000000,   1.88000,
,,,1.705000000000,   1.88000,
,,,1.706000000000,   1.88000,
,,,1.707000000000,   1.92000,
,,,1.708000000000,   1.88000,
,,,1.709000000000,   1.88000,
,,,1.710000000000,   1.92000,
,,,1.711000000000,   1.88000,
,,,1.712000000000,   1.88000,
,,,1.713000000000,   1.88000,
,,,1.714000000000,   1.88000,
,,,1.715000000000,   1.88000,
,,,1.716000000000,   1.88000,
,,,1.717000000000,   1.92000,
,,,1.718000000000,   1.88000,
,,,1.719000000000,   1.88000,
,,,1.720000000000,   1.88000,
,,,1.721000000000,   1.92000,
,,,1.722000000000,   1.92000,
,,,1.723000000000,   1.88000,
,,,1.724000000000,   1.88000,
,,,1.725000000000,   1.88000,
,,,1.726000000000,   1.88000,
,,,1.727000000000,   1.92000,
,,,1.728000000000,   1.88000,
,,,1.729000000000,   1.92000,
,,,1.730000000000,   1.92000,
,,,1.731000000000,   1.92000,
,,,1.732000000000,   1.88000,
,,,1.733000000000,   1.92000,
,,,1.734000000000,   1.92000,
,,,1.735000000000,   1.92000,
,,,1.736000000000,   1.92000,
,,,1.737000000000,   1.92000,
,,,1.738000000000,   1.92000,
,,,1.739000000000,   1.92000,
,,,1.740000000000,   1.92000,
,,,1.741000000000,   1.92000,
,,,1.742000000000,   1.92000,
,,,1.743000000000,   1.92000,
,,,1.744000000000,   1.88000,
,,,1.745000000000,   1.92000,
,,,1.746000000000,   1.92000,
,,,1.747000000000,   1.92000,
,,,1.748000000000,   1.92000,
,,,1.749000000000,   1.92000,
,,,1.750000000000,   1.92000,
,,,1.751000000000,   1.92000,
,,,1.752000000000,   1.92000,
,,,1.753000000000,   1.96000,
,,,1.754000000000,   1.96000,
,,,1.755000000000,   1.92000,
,,,1.756000000000,   1.92000,
,,,1.757000000000,   1.92000,
,,,1.758000000000,   1.92000,
,,,1.759000000000,   1.96000,
,,,1.760000000000,   1.96000,
,,,1.761000000000,   1.92000,
,,,1.762000000000,   1.92000,
,,,1.763000000000,   1.96000,
,,,1.764000000000,   1.92000,
,,,1.765000000000,   1.96000,
,,,1.766000000000,   1.96000,
,,,1.767000000000,   1.96000,
,,,1.768000000000,   1.96000,
,,,1.769000000000,   1.92000,
,,,1.770000000000,   1.92000,
,,,1.771000000000,   1.96000,
,,,1.772000000000,   1.92000,
,,,1.773000000000,   1.92000,
,,,1.774000000000,   1.96000,
,,,1.775000000000,   1.96000,
,,,1.776000000000,   1.92000,
,,,1.777000000000,   1.96000,
,,,1.778000000000,   1.96000,
,,,1.779000000000,   1.96000,
,,,1.780000000000,   1.92000,
,,,1.781000000000,   1.92000,
,,,1.782000000000,   1.96000,
,,,1.783000000000,   1.96000,
,,,1.784000000000,   1.96000,
,,,1.785000000000,   1.96000,
,,,1.786000000000,   1.92000,
,,,1.787000000000,   1.96000,
,,,1.788000000000,   1.96000,
,,,1.789000000000,   1.96000,
,,,1.790000000000,   1.96000,
,,,1.791000000000,   1.96000,
,,,1.792000000000,   1.96000,
,,,1.793000000000,   1.96000,
,,,1.794000000000,   1.96000,
,,,1.795000000000,   1.96000,
,,,1.796000000000,   1.96000,
,,,1.797000000000,   1.96000,
,,,1.798000000000,   1.96000,
,,,1.799000000000,   1.96000,
,,,1.800000000000,   1.96000,
,,,1.801000000000,   1.96000,
,,,1.802000000000,   1.96000,
,,,1.803000000000,   1.96000,
,,,1.804000000000,   1.96000,
,,,1.805000000000,   1.96000,
,,,1.806000000000,   1.96000,
,,,1.807000000000,   1.96000,
,,,1.808000000000,   1.96000,
,,,1.809000000000,   2.00000,
,,,1.810000000000,   1.96000,
,,,1.811000000000,   1.96000,
,,,1.812000000000,   2.00000,
,,,1.813000000000,   2.00000,
,,,1.814000000000,   2.00000,
,,,1.815000000000,   1.92000,
,,,1.816000000000,   2.00000,
,,,1.817000000000,   1.96000,
,,,1.818000000000,   1.96000,
,,,1.819000000000,   1.96000,
,,,1.820000000000,   2.00000,
,,,1.821000000000,   1.96000,
,,,1.822000000000,   1.96000,
,,,1.823000000000,   1.96000,
,,,1.824000000000,   2.00000,
,,,1.825000000000,   2.00000,
,,,1.826000000000,   2.00000,
,,,1.827000000000,   2.00000,
,,,1.828000000000,   1.96000,
,,,1.829000000000,   2.00000,
,,,1.830000000000,   2.00000,
,,,1.831000000000,   2.00000,
,,,1.832000000000,   2.00000,
,,,1.833000000000,   2.00000,
,,,1.834000000000,   2.00000,
,,,1.835000000000,   2.00000,
,,,1.836000000000,   2.00000,
,,,1.837000000000,   1.96000,
,,,1.838000000000,   2.00000,
,,,1.839000000000,   2.00000,
,,,1.840000000000,   2.04000,
,,,1.841000000000,   2.04000,
,,,1.842000000000,   2.00000,
,,,1.843000000000,   2.00000,
,,,1.844000000000,   2.00000,
,,,1.845000000000,   2.00000,
,,,1.846000000000,   2.00000,
,,,1.847000000000,   2.00000,
,,,1.848000000000,   2.00000,
,,,1.849000000000,   2.00000,
,,,1.850000000000,   2.00000,
,,,1.851000000000,   2.00000,
,,,1.852000000000,   2.00000,
,,,1.853000000000,   2.04000,
,,,1.854000000000,   2.00000,
,,,1.855000000000,   2.00000,
,,,1.856000000000,   2.00000,
,,,1.857000000000,   2.00000,
,,,1.858000000000,   2.00000,
,,,1.859000000000,   2.04000,
,,,1.860000000000,   2.00000,
,,,1.861000000000,   2.00000,
,,,1.862000000000,   2.00000,
,,,1.863000000000,   2.00000,
,,,1.864000000000,   2.04000,
,,,1.865000000000,   2.04000,
,,,1.866000000000,   2.00000,
,,,1.867000000000,   2.00000,
,,,1.868000000000,   2.04000,
,,,1.869000000000,   2.00000,
,,,1.870000000000,   2.00000,
,,,1.871000000000,   2.00000,
,,,1.872000000000,   2.04000,
,,,1.873000000000,   2.04000,
,,,1.874000000000,   2.00000,
,,,1.875000000000,   2.00000,
,,,1.876000000000,   2.00000,
,,,1.877000000000,   2.04000,
,,,1.878000000000,   2.00000,
,,,1.879000000000,   2.04000,
,,,1.880000000000,   2.00000,
,,,1.881000000000,   2.00000,
,,,1.882000000000,   2.04000,
,,,1.883000000000,   2.04000,
,,,1.884000000000,   2.04000,
,,,1.885000000000,   2.00000,
,,,1.886000000000,   2.00000,
,,,1.887000000000,   2.04000,
,,,1.888000000000,   2.04000,
,,,1.889000000000,   2.04000,
,,,1.890000000000,   2.04000,
,,,1.891000000000,   2.04000,
,,,1.892000000000,   2.04000,
,,,1.893000000000,   2.04000,
,,,1.894000000000,   2.04000,
,,,1.895000000000,   2.04000,
,,,1.896000000000,   2.04000,
,,,1.897000000000,   2.04000,
,,,1.898000000000,   2.04000,
,,,1.899000000000,   2.08000,
,,,1.900000000000,   2.08000,
,,,1.901000000000,   2.04000,
,,,1.902000000000,   2.04000,
,,,1.903000000000,   2.08000,
,,,1.904000000000,   2.08000,
,,,1.905000000000,   2.08000,
,,,1.906000000000,   2.04000,
,,,1.907000000000,   2.04000,
,,,1.908000000000,   2.08000,
,,,1.909000000000,   2.04000,
,,,1.910000000000,   2.04000,
,,,1.911000000000,   2.08000,
,,,1.912000000000,   2.04000,
,,,1.913000000000,   2.04000,
,,,1.914000000000,   2.04000,
,,,1.915000000000,   2.04000,
,,,1.916000000000,   2.08000,
,,,1.917000000000,   2.04000,
,,,1.918000000000,   2.08000,
,,,1.919000000000,   2.08000,
,,,1.920000000000,   2.04000,
,,,1.921000000000,   2.04000,
,,,1.922000000000,   2.08000,
,,,1.923000000000,   2.08000,
,,,1.924000000000,   2.08000,
,,,1.925000000000,   2.04000,
,,,1.926000000000,   2.04000,
,,,1.927000000000,   2.08000,
,,,1.928000000000,   2.08000,
,,,1.929000000000,   2.08000,
,,,1.930000000000,   2.08000,
,,,1.931000000000,   2.08000,
,,,1.932000000000,   2.08000,
,,,1.933000000000,   2.08000,
,,,1.934000000000,   2.12000,
,,,1.935000000000,   2.08000,
,,,1.936000000000,   2.12000,
,,,1.937000000000,   2.08000,
,,,1.938000000000,   2.08000,
,,,1.939000000000,   2.12000,
,,,1.940000000000,   2.08000,
,,,1.941000000000,   2.08000,
,,,1.942000000000,   2.08000,
,,,1.943000000000,   2.08000,
,,,1.944000000000,   2.08000,
,,,1.945000000000,   2.08000,
,,,1.946000000000,   2.08000,
,,,1.947000000000,   2.08000,
,,,1.948000000000,   2.08000,
,,,1.949000000000,   2.08000,
,,,1.950000000000,   2.12000,
,,,1.951000000000,   2.12000,
,,,1.952000000000,   2.08000,
,,,1.953000000000,   2.12000,
,,,1.954000000000,   2.08000,
,,,1.955000000000,   2.12000,
,,,1.956000000000,   2.12000,
,,,1.957000000000,   2.08000,
,,,1.958000000000,   2.08000,
,,,1.959000000000,   2.12000,
,,,1.960000000000,   2.12000,
,,,1.961000000000,   2.08000,
,,,1.962000000000,   2.12000,
,,,1.963000000000,   2.12000,
,,,1.964000000000,   2.12000,
,,,1.965000000000,   2.08000,
,,,1.966000000000,   2.12000,
,,,1.967000000000,   2.12000,
,,,1.968000000000,   2.12000,
,,,1.969000000000,   2.08000,
,,,1.970000000000,   2.12000,
,,,1.971000000000,   2.12000,
,,,1.972000000000,   2.12000,
,,,1.973000000000,   2.12000,
,,,1.974000000000,   2.12000,
,,,1.975000000000,   2.08000,
,,,1.976000000000,   2.12000,
,,,1.977000000000,   2.12000,
,,,1.978000000000,   2.12000,
,,,1.979000000000,   2.12000,
,,,1.980000000000,   2.12000,
,,,1.981000000000,   2.12000,
,,,1.982000000000,   2.12000,
,,,1.983000000000,   2.12000,
,,,1.984000000000,   2.12000,
,,,1.985000000000,   2.12000,
,,,1.986000000000,   2.12000,
,,,1.987000000000,   2.12000,
,,,1.988000000000,   2.12000,
,,,1.989000000000,   2.12000,
,,,1.990000000000,   2.12000,
,,,1.991000000000,   2.12000,
,,,1.992000000000,   2.12000,
,,,1.993000000000,   2.12000,
,,,1.994000000000,   2.12000,
,,,1.995000000000,   2.12000,
,,,1.996000000000,   2.12000,
,,,1.997000000000,   2.12000,
,,,1.998000000000,   2.16000,
,,,1.999000000000,   2.16000,
,,,2.000000000000,   2.12000,
,,,2.001000000000,   2.16000,
,,,2.002000000000,   2.16000,
,,,2.003000000000,   2.12000,
,,,2.004000000000,   2.12000,
,,,2.005000000000,   2.12000,
,,,2.006000000000,   2.12000,
,,,2.007000000000,   2.12000,
,,,2.008000000000,   2.12000,
,,,2.009000000000,   2.16000,
,,,2.010000000000,   2.12000,
,,,2.011000000000,   2.12000,
,,,2.012000000000,   2.16000,
,,,2.013000000000,   2.16000,
,,,2.014000000000,   2.12000,
,,,2.015000000000,   2.16000,
,,,2.016000000000,   2.12000,
,,,2.017000000000,   2.16000,
,,,2.018000000000,   2.12000,
,,,2.019000000000,   2.16000,
,,,2.020000000000,   2.12000,
,,,2.021000000000,   2.16000,
,,,2.022000000000,   2.12000,
,,,2.023000000000,   2.12000,
,,,2.024000000000,   2.12000,
,,,2.025000000000,   2.12000,
,,,2.026000000000,   2.16000,
,,,2.027000000000,   2.16000,
,,,2.028000000000,   2.16000,
,,,2.029000000000,   2.12000,
,,,2.030000000000,   2.16000,
,,,2.031000000000,   2.16000,
,,,2.032000000000,   2.12000,
,,,2.033000000000,   2.16000,
,,,2.034000000000,   2.16000,
,,,2.035000000000,   2.12000,
,,,2.036000000000,   2.16000,
,,,2.037000000000,   2.16000,
,,,2.038000000000,   2.16000,
,,,2.039000000000,   2.16000,
,,,2.040000000000,   2.16000,
,,,2.041000000000,   2.16000,
,,,2.042000000000,   2.16000,
,,,2.043000000000,   2.16000,
,,,2.044000000000,   2.16000,
,,,2.045000000000,   2.12000,
,,,2.046000000000,   2.16000,
,,,2.047000000000,   2.16000,
,,,2.048000000000,   2.16000,
,,,2.049000000000,   2.16000,
,,,2.050000000000,   2.16000,
,,,2.051000000000,   2.16000,
,,,2.052000000000,   2.16000,
,,,2.053000000000,   2.16000,
,,,2.054000000000,   2.12000,
,,,2.055000000000,   2.16000,
,,,2.056000000000,   2.16000,
,,,2.057000000000,   2.16000,
,,,2.058000000000,   2.16000,
,,,2.059000000000,   2.16000,
,,,2.060000000000,   2.16000,
,,,2.061000000000,   2.16000,
,,,2.062000000000,   2.16000,
,,,2.063000000000,   2.16000,
,,,2.064000000000,   2.16000,
,,,2.065000000000,   2.16000,
,,,2.066000000000,   2.16000,
,,,2.067000000000,   2.16000,
,,,2.068000000000,   2.16000,
,,,2.069000000000,   2.16000,
,,,2.070000000000,   2.16000,
,,,2.071000000000,   2.16000,
,,,2.072000000000,   2.16000,
,,,2.073000000000,   2.16000,
,,,2.074000000000,   2.16000,
,,,2.075000000000,   2.16000,
,,,2.076000000000,   2.16000,
,,,2.077000000000,   2.16000,
,,,2.078000000000,   2.16000,
,,,2.079000000000,   2.16000,
,,,2.080000000000,   2.16000,
,,,2.081000000000,   2.20000,
,,,2.082000000000,   2.16000,
,,,2.083000000000,   2.16000,
,,,2.084000000000,   2.16000,
,,,2.085000000000,   2.16000,
,,,2.086000000000,   2.16000,
,,,2.087000000000,   2.20000,
,,,2.088000000000,   2.20000,
,,,2.089000000000,   2.20000,
,,,2.090000000000,   2.16000,
,,,2.091000000000,   2.16000,
,,,2.092000000000,   2.16000,
,,,2.093000000000,   2.16000,
,,,2.094000000000,   2.20000,
,,,2.095000000000,   2.16000,
,,,2.096000000000,   2.16000,
,,,2.097000000000,   2.16000,
,,,2.098000000000,   2.16000,
,,,2.099000000000,   2.20000,
,,,2.100000000000,   2.20000,
,,,2.101000000000,   2.20000,
,,,2.102000000000,   2.20000,
,,,2.103000000000,   2.16000,
,,,2.104000000000,   2.20000,
,,,2.105000000000,   2.20000,
,,,2.106000000000,   2.20000,
,,,2.107000000000,   2.16000,
,,,2.108000000000,   2.16000,
,,,2.109000000000,   2.20000,
,,,2.110000000000,   2.16000,
,,,2.111000000000,   2.20000,
,,,2.112000000000,   2.16000,
,,,2.113000000000,   2.20000,
,,,2.114000000000,   2.20000,
,,,2.115000000000,   2.20000,
,,,2.116000000000,   2.16000,
,,,2.117000000000,   2.20000,
,,,2.118000000000,   2.16000,
,,,2.119000000000,   2.20000,
,,,2.120000000000,   2.20000,
,,,2.121000000000,   2.20000,
,,,2.122000000000,   2.20000,
,,,2.123000000000,   2.20000,
,,,2.124000000000,   2.20000,
,,,2.125000000000,   2.20000,
,,,2.126000000000,   2.20000,
,,,2.127000000000,   2.16000,
,,,2.128000000000,   2.16000,
,,,2.129000000000,   2.20000,
,,,2.130000000000,   2.20000,
,,,2.131000000000,   2.20000,
,,,2.132000000000,   2.20000,
,,,2.133000000000,   2.20000,
,,,2.134000000000,   2.20000,
,,,2.135000000000,   2.20000,
,,,2.136000000000,   2.20000,
,,,2.137000000000,   2.20000,
,,,2.138000000000,   2.20000,
,,,2.139000000000,   2.20000,
,,,2.140000000000,   2.20000,
,,,2.141000000000,   2.20000,
,,,2.142000000000,   2.20000,
,,,2.143000000000,   2.20000,
,,,2.144000000000,   2.20000,
,,,2.145000000000,   2.20000,
,,,2.146000000000,   2.20000,
,,,2.147000000000,   2.20000,
,,,2.148000000000,   2.20000,
,,,2.149000000000,   2.20000,
,,,2.150000000000,   2.20000,
,,,2.151000000000,   2.20000,
,,,2.152000000000,   2.20000,
,,,2.153000000000,   2.20000,
,,,2.154000000000,   2.20000,
,,,2.155000000000,   2.20000,
,,,2.156000000000,   2.20000,
,,,2.157000000000,   2.20000,
,,,2.158000000000,   2.20000,
,,,2.159000000000,   2.20000,
,,,2.160000000000,   2.20000,
,,,2.161000000000,   2.20000,
,,,2.162000000000,   2.24000,
,,,2.163000000000,   2.24000,
,,,2.164000000000,   2.20000,
,,,2.165000000000,   2.20000,
,,,2.166000000000,   2.20000,
,,,2.167000000000,   2.20000,
,,,2.168000000000,   2.24000,
,,,2.169000000000,   2.24000,
,,,2.170000000000,   2.20000,
,,,2.171000000000,   2.20000,
,,,2.172000000000,   2.24000,
,,,2.173000000000,   2.24000,
,,,2.174000000000,   2.20000,
,,,2.175000000000,   2.20000,
,,,2.176000000000,   2.24000,
,,,2.177000000000,   2.24000,
,,,2.178000000000,   2.20000,
,,,2.179000000000,   2.24000,
,,,2.180000000000,   2.24000,
,,,2.181000000000,   2.24000,
,,,2.182000000000,   2.20000,
,,,2.183000000000,   2.20000,
,,,2.184000000000,   2.20000,
,,,2.185000000000,   2.24000,
,,,2.186000000000,   2.24000,
,,,2.187000000000,   2.24000,
,,,2.188000000000,   2.24000,
,,,2.189000000000,   2.24000,
,,,2.190000000000,   2.20000,
,,,2.191000000000,   2.24000,
,,,2.192000000000,   2.20000,
,,,2.193000000000,   2.24000,
,,,2.194000000000,   2.24000,
,,,2.195000000000,   2.24000,
,,,2.196000000000,   2.24000,
,,,2.197000000000,   2.24000,
,,,2.198000000000,   2.24000,
,,,2.199000000000,   2.24000,
,,,2.200000000000,   2.24000,
,,,2.201000000000,   2.24000,
,,,2.202000000000,   2.24000,
,,,2.203000000000,   2.20000,
,,,2.204000000000,   2.24000,
,,,2.205000000000,   2.24000,
,,,2.206000000000,   2.24000,
,,,2.207000000000,   2.24000,
,,,2.208000000000,   2.24000,
,,,2.209000000000,   2.24000,
,,,2.210000000000,   2.24000,
,,,2.211000000000,   2.24000,
,,,2.212000000000,   2.24000,
,,,2.213000000000,   2.24000,
,,,2.214000000000,   2.24000,
,,,2.215000000000,   2.28000,
,,,2.216000000000,   2.24000,
,,,2.217000000000,   2.24000,
,,,2.218000000000,   2.24000,
,,,2.219000000000,   2.24000,
,,,2.220000000000,   2.24000,
,,,2.221000000000,   2.24000,
,,,2.222000000000,   2.24000,
,,,2.223000000000,   2.24000,
,,,2.224000000000,   2.28000,
,,,2.225000000000,   2.24000,
,,,2.226000000000,   2.24000,
,,,2.227000000000,   2.24000,
,,,2.228000000000,   2.28000,
,,,2.229000000000,   2.24000,
,,,2.230000000000,   2.28000,
,,,2.231000000000,   2.28000,
,,,2.232000000000,   2.28000,
,,,2.233000000000,   2.28000,
,,,2.234000000000,   2.24000,
,,,2.235000000000,   2.28000,
,,,2.236000000000,   2.24000,
,,,2.237000000000,   2.24000,
,,,2.238000000000,   2.28000,
,,,2.239000000000,   2.28000,
,,,2.240000000000,   2.28000,
,,,2.241000000000,   2.28000,
,,,2.242000000000,   2.28000,
,,,2.243000000000,   2.24000,
,,,2.244000000000,   2.24000,
,,,2.245000000000,   2.28000,
,,,2.246000000000,   2.24000,
,,,2.247000000000,   2.24000,
,,,2.248000000000,   2.28000,
,,,2.249000000000,   2.28000,
,,,2.250000000000,   2.28000,
,,,2.251000000000,   2.28000,
,,,2.252000000000,   2.28000,
,,,2.253000000000,   2.24000,
,,,2.254000000000,   2.28000,
,,,2.255000000000,   2.24000,
,,,2.256000000000,   2.28000,
,,,2.257000000000,   2.28000,
,,,2.258000000000,   2.28000,
,,,2.259000000000,   2.28000,
,,,2.260000000000,   2.28000,
,,,2.261000000000,   2.28000,
,,,2.262000000000,   2.28000,
,,,2.263000000000,   2.28000,
,,,2.264000000000,   2.28000,
,,,2.265000000000,   2.28000,
,,,2.266000000000,   2.32000,
,,,2.267000000000,   2.28000,
,,,2.268000000000,   2.28000,
,,,2.269000000000,   2.32000,
,,,2.270000000000,   2.28000,
,,,2.271000000000,   2.32000,
,,,2.272000000000,   2.28000,
,,,2.273000000000,   2.28000,
,,,2.274000000000,   2.32000,
,,,2.275000000000,   2.28000,
,,,2.276000000000,   2.32000,
,,,2.277000000000,   2.28000,
,,,2.278000000000,   2.32000,
,,,2.279000000000,   2.28000,
,,,2.280000000000,   2.32000,
,,,2.281000000000,   2.28000,
,,,2.282000000000,   2.28000,
,,,2.283000000000,   2.32000,
,,,2.284000000000,   2.28000,
,,,2.285000000000,   2.28000,
,,,2.286000000000,   2.28000,
,,,2.287000000000,   2.28000,
,,,2.288000000000,   2.28000,
,,,2.289000000000,   2.28000,
,,,2.290000000000,   2.28000,
,,,2.291000000000,   2.28000,
,,,2.292000000000,   2.32000,
,,,2.293000000000,   2.32000,
,,,2.294000000000,   2.32000,
,,,2.295000000000,   2.32000,
,,,2.296000000000,   2.32000,
,,,2.297000000000,   2.32000,
,,,2.298000000000,   2.32000,
,,,2.299000000000,   2.28000,
,,,2.300000000000,   2.32000,
,,,2.301000000000,   2.32000,
,,,2.302000000000,   2.28000,
,,,2.303000000000,   2.32000,
,,,2.304000000000,   2.32000,
,,,2.305000000000,   2.28000,
,,,2.306000000000,   2.32000,
,,,2.307000000000,   2.32000,
,,,2.308000000000,   2.32000,
,,,2.309000000000,   2.32000,
,,,2.310000000000,   2.32000,
,,,2.311000000000,   2.36000,
,,,2.312000000000,   2.32000,
,,,2.313000000000,   2.32000,
,,,2.314000000000,   2.32000,
,,,2.315000000000,   2.32000,
,,,2.316000000000,   2.32000,
,,,2.317000000000,   2.32000,
,,,2.318000000000,   2.36000,
,,,2.319000000000,   2.32000,
,,,2.320000000000,   2.36000,
,,,2.321000000000,   2.32000,
,,,2.322000000000,   2.32000,
,,,2.323000000000,   2.32000,
,,,2.324000000000,   2.32000,
,,,2.325000000000,   2.32000,
,,,2.326000000000,   2.32000,
,,,2.327000000000,   2.32000,
,,,2.328000000000,   2.32000,
,,,2.329000000000,   2.36000,
,,,2.330000000000,   2.32000,
,,,2.331000000000,   2.32000,
,,,2.332000000000,   2.32000,
,,,2.333000000000,   2.32000,
,,,2.334000000000,   2.32000,
,,,2.335000000000,   2.32000,
,,,2.336000000000,   2.32000,
,,,2.337000000000,   2.32000,
,,,2.338000000000,   2.32000,
,,,2.339000000000,   2.32000,
,,,2.340000000000,   2.32000,
,,,2.341000000000,   2.36000,
,,,2.342000000000,   2.36000,
,,,2.343000000000,   2.36000,
,,,2.344000000000,   2.32000,
,,,2.345000000000,   2.32000,
,,,2.346000000000,   2.32000,
,,,2.347000000000,   2.36000,
,,,2.348000000000,   2.36000,
,,,2.349000000000,   2.36000,
,,,2.350000000000,   2.36000,
,,,2.351000000000,   2.36000,
,,,2.352000000000,   2.32000,
,,,2.353000000000,   2.36000,
,,,2.354000000000,   2.36000,
,,,2.355000000000,   2.36000,
,,,2.356000000000,   2.32000,
,,,2.357000000000,   2.36000,
,,,2.358000000000,   2.36000,
,,,2.359000000000,   2.36000,
,,,2.360000000000,   2.32000,
,,,2.361000000000,   2.36000,
,,,2.362000000000,   2.36000,
,,,2.363000000000,   2.36000,
,,,2.364000000000,   2.36000,
,,,2.365000000000,   2.36000,
,,,2.366000000000,   2.36000,
,,,2.367000000000,   2.36000,
,,,2.368000000000,   2.36000,
,,,2.369000000000,   2.36000,
,,,2.370000000000,   2.36000,
,,,2.371000000000,   2.36000,
,,,2.372000000000,   2.36000,
,,,2.373000000000,   2.36000,
,,,2.374000000000,   2.36000,
,,,2.375000000000,   2.36000,
,,,2.376000000000,   2.40000,
,,,2.377000000000,   2.40000,
,,,2.378000000000,   2.36000,
,,,2.379000000000,   2.36000,
,,,2.380000000000,   2.36000,
,,,2.381000000000,   2.40000,
,,,2.382000000000,   2.36000,
,,,2.383000000000,   2.36000,
,,,2.384000000000,   2.36000,
,,,2.385000000000,   2.36000,
,,,2.386000000000,   2.40000,
,,,2.387000000000,   2.36000,
,,,2.388000000000,   2.36000,
,,,2.389000000000,   2.36000,
,,,2.390000000000,   2.40000,
,,,2.391000000000,   2.36000,
,,,2.392000000000,   2.36000,
,,,2.393000000000,   2.36000,
,,,2.394000000000,   2.40000,
,,,2.395000000000,   2.36000,
,,,2.396000000000,   2.40000,
,,,2.397000000000,   2.40000,
,,,2.398000000000,   2.40000,
,,,2.399000000000,   2.36000,
,,,2.400000000000,   2.36000,
,,,2.401000000000,   2.40000,
,,,2.402000000000,   2.40000,
,,,2.403000000000,   2.40000,
,,,2.404000000000,   2.40000,
,,,2.405000000000,   2.36000,
,,,2.406000000000,   2.40000,
,,,2.407000000000,   2.40000,
,,,2.408000000000,   2.40000,
,,,2.409000000000,   2.40000,
,,,2.410000000000,   2.40000,
,,,2.411000000000,   2.40000,
,,,2.412000000000,   2.40000,
,,,2.413000000000,   2.40000,
,,,2.414000000000,   2.40000,
,,,2.415000000000,   2.40000,
,,,2.416000000000,   2.40000,
,,,2.417000000000,   2.40000,
,,,2.418000000000,   2.40000,
,,,2.419000000000,   2.40000,
,,,2.420000000000,   2.40000,
,,,2.421000000000,   2.40000,
,,,2.422000000000,   2.40000,
,,,2.423000000000,   2.40000,
,,,2.424000000000,   2.40000,
,,,2.425000000000,   2.40000,
,,,2.426000000000,   2.40000,
,,,2.427000000000,   2.40000,
,,,2.428000000000,   2.40000,
,,,2.429000000000,   2.40000,
,,,2.430000000000,   2.40000,
,,,2.431000000000,   2.40000,
,,,2.432000000000,   2.40000,
,,,2.433000000000,   2.40000,
,,,2.434000000000,   2.40000,
,,,2.435000000000,   2.40000,
,,,2.436000000000,   2.40000,
,,,2.437000000000,   2.40000,
,,,2.438000000000,   2.40000,
,,,2.439000000000,   2.40000,
,,,2.440000000000,   2.40000,
,,,2.441000000000,   2.40000,
,,,2.442000000000,   2.40000,
,,,2.443000000000,   2.40000,
,,,2.444000000000,   2.40000,
,,,2.445000000000,   2.40000,
,,,2.446000000000,   2.40000,
,,,2.447000000000,   2.40000,
,,,2.448000000000,   2.44000,
,,,2.449000000000,   2.40000,
,,,2.450000000000,   2.40000,
,,,2.451000000000,   2.44000,
,,,2.452000000000,   2.44000,
,,,2.453000000000,   2.40000,
,,,2.454000000000,   2.40000,
,,,2.455000000000,   2.40000,
,,,2.456000000000,   2.40000,
,,,2.457000000000,   2.40000,
,,,2.458000000000,   2.40000,
,,,2.459000000000,   2.44000,
,,,2.460000000000,   2.40000,
,,,2.461000000000,   2.44000,
,,,2.462000000000,   2.40000,
,,,2.463000000000,   2.44000,
,,,2.464000000000,   2.44000,
,,,2.465000000000,   2.40000,
,,,2.466000000000,   2.40000,
,,,2.467000000000,   2.44000,
,,,2.468000000000,   2.44000,
,,,2.469000000000,   2.44000,
,,,2.470000000000,   2.44000,
,,,2.471000000000,   2.44000,
,,,2.472000000000,   2.44000,
,,,2.473000000000,   2.40000,
,,,2.474000000000,   2.44000,
,,,2.475000000000,   2.44000,
,,,2.476000000000,   2.44000,
,,,2.477000000000,   2.44000,
,,,2.478000000000,   2.40000,
,,,2.479000000000,   2.44000,
,,,2.480000000000,   2.40000,
,,,2.481000000000,   2.40000,
,,,2.482000000000,   2.44000,
,,,2.483000000000,   2.44000,
,,,2.484000000000,   2.44000,
,,,2.485000000000,   2.44000,
,,,2.486000000000,   2.44000,
,,,2.487000000000,   2.44000,
,,,2.488000000000,   2.44000,
,,,2.489000000000,   2.40000,
,,,2.490000000000,   2.44000,
,,,2.491000000000,   2.44000,
,,,2.492000000000,   2.44000,
,,,2.493000000000,   2.44000,
,,,2.494000000000,   2.44000,
,,,2.495000000000,   2.44000,
,,,2.496000000000,   2.44000,
,,,2.497000000000,   2.44000,
,,,2.498000000000,   2.32000,
,,,2.499000000000,   2.28000,
